PDB_target	PDB_subject	query_target	match	subject	eval	filter1_flag	filter2_flag	filter3_flag	hit_i	contact_subject_ag	contact_subject_ab	target_resid_ag	target_resid_ab	cross_ab_avail
7T9J	1V7N_Z	TQLPP	TQLPP	TQLPP	1163.19	TRUE	TRUE	TRUE	"3,4"	"Z:112,Z:113"	"K:101,O:48"	"A:24,A:25"	"None,None"	FALSE
7T9J	1V7N_Z	TQLPP	TQLPP	TQLPP	1163.19	TRUE	TRUE	TRUE	"3,4"	"Z:112,Z:113"	"K:101,O:48"	"B:24,B:25"	"None,None"	FALSE
7T9J	1V7N_Z	TQLPP	TQLPP	TQLPP	1163.19	TRUE	TRUE	TRUE	"3,4"	"Z:112,Z:113"	"K:101,O:48"	"C:24,C:25"	"None,None"	FALSE
7T9J	6PE8_U	ESEF	ESEF	ESEF	18604.3	TRUE	TRUE	TRUE	2	U:65	A:53	A:155	None	FALSE
7T9J	6PE8_U	ESEF	ESEF	ESEF	18604.3	TRUE	TRUE	TRUE	2	U:65	A:53	B:155	None	FALSE
7T9J	6PE8_U	ESEF	ESEF	ESEF	18604.3	TRUE	TRUE	TRUE	2	U:65	A:53	C:155	None	FALSE
7T9J	6FN1_A	FPNITNXCPFGE	  NITN     +	MSNITNRSDIND	713922	TRUE	TRUE	TRUE	4	A:91	C:59	A:332	None	FALSE
7T9J	6FN1_A	FPNITNXCPFGE	  NITN     +	MSNITNRSDIND	713922	TRUE	TRUE	TRUE	4	A:91	C:59	B:332	None	FALSE
7T9J	6FN1_A	FPNITNXCPFGE	  NITN     +	MSNITNRSDIND	713922	TRUE	TRUE	TRUE	4	A:91	C:59	C:332	None	FALSE
7T9J	6WEQ_D	NLVK	NLVK	NLVK	41781.8	TRUE	TRUE	TRUE	"2,3"	"D:345,D:346"	"L:34,L:32"	"A:533,A:534"	"None,None"	FALSE
7T9J	6WEQ_D	NLVK	NLVK	NLVK	41781.8	TRUE	TRUE	TRUE	"2,3"	"D:345,D:346"	"L:34,L:32"	"B:533,B:534"	"None,None"	FALSE
7T9J	6WEQ_D	NLVK	NLVK	NLVK	41781.8	TRUE	TRUE	TRUE	"2,3"	"D:345,D:346"	"L:34,L:32"	"C:533,C:534"	"None,None"	FALSE
7V7N	1V7N_Z	TQLPP	TQLPP	TQLPP	1163.19	TRUE	TRUE	TRUE	"3,4"	"Z:112,Z:113"	"K:101,O:48"	"A:24,A:25"	"None,None"	FALSE
7V7N	1V7N_Z	TQLPP	TQLPP	TQLPP	1163.19	TRUE	TRUE	TRUE	"3,4"	"Z:112,Z:113"	"K:101,O:48"	"B:24,B:25"	"None,None"	FALSE
7V7N	1V7N_Z	TQLPP	TQLPP	TQLPP	1163.19	TRUE	TRUE	TRUE	"3,4"	"Z:112,Z:113"	"K:101,O:48"	"C:24,C:25"	"None,None"	FALSE
7V7N	6PE8_U	ESEF	ESEF	ESEF	18604.3	TRUE	TRUE	TRUE	2	U:65	A:53	A:155	None	FALSE
7V7N	6PE8_U	ESEF	ESEF	ESEF	18604.3	TRUE	TRUE	TRUE	2	U:65	A:53	B:155	None	FALSE
7V7N	6PE8_U	ESEF	ESEF	ESEF	18604.3	TRUE	TRUE	TRUE	2	U:65	A:53	C:155	None	FALSE
7V7N	6FN1_A	FPNITNXCPFGE	  NITN     +	MSNITNRSDIND	713922	TRUE	TRUE	TRUE	4	A:91	C:59	A:330	None	FALSE
7V7N	6FN1_A	FPNITNXCPFGE	  NITN     +	MSNITNRSDIND	713922	TRUE	TRUE	TRUE	4	A:91	C:59	B:330	None	FALSE
7V7N	6FN1_A	FPNITNXCPFGE	  NITN     +	MSNITNRSDIND	713922	TRUE	TRUE	TRUE	4	A:91	C:59	C:330	None	FALSE
7V7N	6WEQ_D	NLVK	NLVK	NLVK	41781.8	TRUE	TRUE	TRUE	"2,3"	"D:345,D:346"	"L:34,L:32"	"A:531,A:532"	"None,None"	FALSE
7V7N	6WEQ_D	NLVK	NLVK	NLVK	41781.8	TRUE	TRUE	TRUE	"2,3"	"D:345,D:346"	"L:34,L:32"	"B:531,B:532"	"None,None"	FALSE
7V7N	6WEQ_D	NLVK	NLVK	NLVK	41781.8	TRUE	TRUE	TRUE	"2,3"	"D:345,D:346"	"L:34,L:32"	"C:531,C:532"	"None,None"	FALSE
7LYM	1V7N_Z	TQLPP	TQLPP	TQLPP	1163.19	TRUE	TRUE	TRUE	"3,4"	"Z:112,Z:113"	"K:101,O:48"	"A:24,A:25"	"None,None"	FALSE
7LYM	1V7N_Z	TQLPP	TQLPP	TQLPP	1163.19	TRUE	TRUE	TRUE	"3,4"	"Z:112,Z:113"	"K:101,O:48"	"B:24,B:25"	"None,None"	FALSE
7LYM	1V7N_Z	TQLPP	TQLPP	TQLPP	1163.19	TRUE	TRUE	TRUE	"3,4"	"Z:112,Z:113"	"K:101,O:48"	"C:24,C:25"	"None,None"	FALSE
7LYM	6PE8_U	ESEF	ESEF	ESEF	18604.3	TRUE	TRUE	TRUE	2	U:65	A:53	A:155	None	FALSE
7LYM	6PE8_U	ESEF	ESEF	ESEF	18604.3	TRUE	TRUE	TRUE	2	U:65	A:53	B:155	None	FALSE
7LYM	6PE8_U	ESEF	ESEF	ESEF	18604.3	TRUE	TRUE	TRUE	2	U:65	A:53	C:155	None	FALSE
7LYM	6FN1_A	FPNITNXCPFGE	  NITN     +	MSNITNRSDIND	713922	TRUE	TRUE	TRUE	4	A:91	C:59	A:332	None	FALSE
7LYM	6FN1_A	FPNITNXCPFGE	  NITN     +	MSNITNRSDIND	713922	TRUE	TRUE	TRUE	4	A:91	C:59	B:332	None	FALSE
7LYM	6FN1_A	FPNITNXCPFGE	  NITN     +	MSNITNRSDIND	713922	TRUE	TRUE	TRUE	4	A:91	C:59	C:332	None	FALSE
7LYM	6WEQ_D	NLVK	NLVK	NLVK	41781.8	TRUE	TRUE	TRUE	"2,3"	"D:345,D:346"	"L:34,L:32"	"A:533,A:534"	"None,None"	FALSE
7LYM	6WEQ_D	NLVK	NLVK	NLVK	41781.8	TRUE	TRUE	TRUE	"2,3"	"D:345,D:346"	"L:34,L:32"	"B:533,B:534"	"None,None"	FALSE
7LYM	6WEQ_D	NLVK	NLVK	NLVK	41781.8	TRUE	TRUE	TRUE	"2,3"	"D:345,D:346"	"L:34,L:32"	"C:533,C:534"	"None,None"	FALSE
