PDB_target	PDB_subject	query_target	match	subject	eval	filter1_flag	filter2_flag	filter3_flag	hit_i	contact_subject_ag	contact_subject_ab	target_resid_ag	target_resid_ab	cross_ab_avail	exact_match_i	len_exact_match	RMSD_motifs	TM_score	RMSD_pval	RMSD_ZSCORE	PPI_target	PPI_subject
5LDN	6XEY	GVEG	GVEG	GVEG	178353.0	True	True	True	2,3	C:483,C:484	J:58,J:50	A:187,A:188	None,None	False	0,3	4	0.4	0.63798	0.08997070898592208	-1.340935429301883	5LDN_HL_A	6XEY_JK_C
5LDN	7LRT	GVEG	GVEG	GVEG	180269.0	True	True	True	3	C:484	D:56	A:188	None	False	0,3	4	0.4	0.66487	0.08997070898592208	-1.340935429301883	5LDN_HL_A	7LRT_DE_C
5LDN	7VNB	GVEGQTPKYADKTFQPEPQIG	GVEG    +    +  +P  G	GVEGFNCYFPLQSYGFQPTNG	146558.0	True	True	True	2	B:483	A:56	A:187	None	False	0,3	4	0.41	0.64308	0.09222872499141399	-1.3271548932679953	5LDN_HL_A	7VNB_A_B
5LDN	7K4N	GVEG	GVEG	GVEG	178353.0	True	True	True	3	E:484	G:94	A:188	None	False	0,3	4	0.42	0.5988899999999999	0.09452850689261538	-1.3133738229623362	5LDN_HL_A	7K4N_FG_E
5LDN	7L56	GVEG	GVEG	GVEG	174598.0	True	True	True	2,3	C:483,C:484	F:58,F:33	A:187,A:188	None,None	False	0,3	4	0.43	0.57505	0.09687038312413254	-1.2995922239055513	5LDN_HL_A	7L56_FG_C
5LDN	7KMK	GVEG	GVEG	GVEG	174602.0	True	True	True	3	B:484	I:109	A:188	None	False	0,3	4	0.4	0.63789	0.08997070898592208	-1.340935429301883	5LDN_HL_A	7KMK_IM_B
6EQC	7K90	GVEG	GVEG	GVEG	174599.0	True	True	True	2,3	C:483,C:484	O:58,O:56	A:187,A:188	None,None	False	0,3	4	0.36	0.7094199999999999	0.08134940025183568	-1.3960521203446195	6EQC_Dd_A	7K90_OP_C
6EQC	7LRT	GVEG	GVEG	GVEG	178362.0	True	True	True	3	C:484	D:56	A:188	None	False	0,3	4	0.4	0.63065	0.08997070898592208	-1.340935429301883	6EQC_Dd_A	7LRT_DE_C
7OH0	7K8Z	NNLDRILRVGYN	NNLD      YN	NNLDSKXXXNYN	178501.0	True	True	True	2	C:440	M:55	A:1220	None	False	0,3	4	0.34	0.6854100000000001	0.07728011727589779	-1.4236071167785291	7OH0_CB_A	7K8Z_MN_C
7M51	7M53	FKEELDQWF	FKEELD  F	FKEELDKYF	2525.71	True	True	True	2,4,5	A:1149,A:1151,A:1152	L:100,H:61,H:104	A:1234,A:1236,A:1237	H:104,H:61,L:100	True	0,5	6	0.09	0.96966	0.003603257845757435	-2.6871473372086507	7M51_HL_A	7M53_HL_A
7M51	7RNJ	FKEELDQWFK	FKEELD  FK	FKEELDKYFK	282.732	True	True	True	2,4,5	B:1149,B:1151,B:1152	H:101,L:94,H:33	A:1234,A:1236,A:1237	H:104,H:61,L:100	True	0,5	6	0.1	0.96474	0.003729414369171735	-2.675632930928547	7M51_HL_A	7RNJ_HL_B
7M51	7S3N	FKEELDQWF	FKEELD  F	FKEELDKYF	909.059	True	True	True	2,4,5	A:1149,A:1151,A:1152	L:33,H:61,L:101	A:1234,A:1236,A:1237	H:104,H:61,L:100	True	0,5	6	0.11	0.95729	0.003859527117160866	-2.664117730898816	7M51_HL_A	7S3N_HL_A
2NZ9	7N9E	PPEA	PPEA	PPEA	172079.0	True	True	True	2	B:987	D:107	A:63	None	False	0,3	4	0.39	0.6431600000000001	0.08775412064731603	-1.3547154255444276	2NZ9_DC_A	7N9E_D_AB
6LN2	7L06	QDSLAC	QDSL  	QDSLSS	195310.0	True	True	True	3	B:937	G:99	A:223	None	False	0,3	4	0.17	0.90371	0.048686228330518055	-1.6577276183608467	6LN2_CB_A	7L06_GE_B
6LN2	7L02	QDSLAC	QDSL  	QDSLSS	195326.0	True	True	True	3	A:937	M:99	A:223	None	False	0,3	4	0.17	0.90352	0.048686228330518055	-1.6577276183608467	6LN2_CB_A	7L02_MK_A
6LN2	7L09	QDSLAC	QDSL  	QDSLSS	195326.0	True	True	True	3	A:937	M:99	A:223	None	False	0,3	4	0.17	0.90339	0.048686228330518055	-1.6577276183608467	6LN2_CB_A	7L09_MK_A
4KSD	7P77	SGKIA	 GKIA	TGKIA	306361.0	True	True	True	3	E:417	H:99	A:891	None	False	1,4	4	0.28	0.77518	0.06600045455556902	-1.506258180493936	4KSD_B_A	7P77_X_E
4KSD	7DK5	SGKIA	 GKIA	TGKIA	303141.0	True	True	True	3	A:417	b:57	A:891	None	False	1,4	4	0.19	0.8693799999999999	0.0515303032073563	-1.6301935040463797	4KSD_B_A	7DK5_ab_A
4KSD	7DCX	SGKIA	 GKIA	TGKIA	303129.0	True	True	True	3	K:417	E:53	A:891	None	False	1,4	4	0.36	0.68521	0.08134940025183568	-1.3960521203446195	4KSD_B_A	7DCX_EH_K
4KSD	7N0H	SGKIA	 GKIA	TGKIA	306369.0	True	True	True	3	C:417	Z:105	A:891	None	False	1,4	4	0.09	0.9674	0.03854408039486468	-1.7678369797558309	4KSD_B_A	7N0H_Z_C
4KSD	7CZW	SGKIA	 GKIA	TGKIA	299910.0	True	True	True	3	C:417	J:55	A:891	None	False	1,4	4	0.31	0.75298	0.07146928523048657	-1.464935301010817	4KSD_B_A	7CZW_HL_A
4KSD	7P78	SGKIA	 GKIA	TGKIA	306361.0	True	True	True	3	E:417	H:99	A:891	None	False	1,4	4	0.22	0.84741	0.056042904723505815	-1.5888874305523355	4KSD_B_A	7P78_Y_E
4KSD	7ND4	SGKIA	 GKIA	TGKIA	299911.0	True	True	True	3	C:417	L:51	A:891	None	False	1,4	4	0.21	0.85806	0.05450522657551715	-1.6026567679935726	4KSD_B_A	7ND4_HL_C
4KSD	7P79	SGKIA	 GKIA	TGKIA	306361.0	True	True	True	3	E:417	D:99	A:891	None	False	1,4	4	0.24	0.83024	0.0592209682255862	-1.5613468443256302	4KSD_B_A	7P79_D_E
4KSD	7D0C	SGKIA	 GKIA	TGKIA	299910.0	True	True	True	3	C:417	G:33	A:891	None	False	1,4	4	0.13	0.93525	0.04337579213707088	-1.7127878060356923	4KSD_B_A	7D0C_HL_A
4KSD	7KML	SGKIA	 GKIA	TGKIA	303123.0	True	True	True	3	C:417	N:56	A:891	None	False	1,4	4	0.17	0.90253	0.048686228330518055	-1.6577276183608467	4KSD_B_A	7KML_JN_C
4KSD	7CZQ	SGKIA	 GKIA	TGKIA	299910.0	True	True	True	3	C:417	J:33	A:891	None	False	1,4	4	0.29	0.76851	0.06778609066815622	-1.4924844859298487	4KSD_B_A	7CZQ_HK_A
4KSD	7MJJ	SGKIA	 GKIA	TGKIA	293610.0	True	True	True	3	B:417	F:101	A:891	None	False	1,4	4	0.17	0.90473	0.048686228330518055	-1.6577276183608467	4KSD_B_A	7MJJ_FG_B
4KSD	7CZP	SGKIA	 GKIA	TGKIA	299910.0	True	True	True	3	C:417	J:103	A:891	None	False	1,4	4	0.3	0.75595	0.06960889372312762	-1.4787101909331306	4KSD_B_A	7CZP_HL_A
4KSD	7E86	SGKIA	 GKIA	TGKIA	311758.0	True	True	True	3	C:417	B:94	A:891	None	False	1,4	4	0.19	0.8777200000000001	0.0515303032073563	-1.6301935040463797	4KSD_B_A	7E86_AB_C
4KSD	7N0G	SGKIA	 GKIA	TGKIA	306369.0	True	True	True	3	C:417	Z:105	A:891	None	False	1,4	4	0.16	0.91559	0.047312103135685124	-1.6714936786340868	4KSD_B_A	7N0G_Z_C
4KSD	7JWB	SGKIA	 GKIA	TGKIA	303118.0	True	True	True	3	B:417	D:250	A:891	None	False	1,4	4	0.26	0.79199	0.06253897054275759	-1.533803746302101	4KSD_B_A	7JWB_D_AB
4KSD	7EJ4	SGKIA	 GKIA	TGKIA	299910.0	True	True	True	3	C:417	N:32	A:891	None	False	1,4	4	0.08	0.97396	0.03740744530228268	-1.7815975111253604	4KSD_B_A	7EJ4_JN_C
4KSD	7MJK	SGKIA	 GKIA	TGKIA	293610.0	True	True	True	3	C:417	H:101	A:891	None	False	1,4	4	0.16	0.90694	0.047312103135685124	-1.6714936786340868	4KSD_B_A	7MJK_HI_C
4KSD	7KMK	SGKIA	 GKIA	TGKIA	299914.0	True	True	True	3	B:417	M:66	A:891	None	False	1,4	4	0.26	0.79198	0.06253897054275759	-1.533803746302101	4KSD_B_A	7KMK_IM_B
4KSD	7DK6	SGKIA	 GKIA	TGKIA	303129.0	True	True	True	3	B:417	d:57	A:891	None	False	1,4	4	0.07	0.98135	0.036298393406375196	-1.7953573267096816	4KSD_B_A	7DK6_cd_B
4KSD	6XE1	SGKIA	 GKIA	TGKIA	16092.1	True	True	True	3	E:417	H:52	A:891	None	False	1,4	4	0.21	0.8519200000000001	0.05450522657551715	-1.6026567679935726	4KSD_B_A	6XE1_HL_E
4KSD	7ND9	SGKIA	 GKIA	TGKIA	303118.0	True	True	True	3	B:417	H:30	A:891	None	False	1,4	4	0.21	0.8608899999999999	0.05450522657551715	-1.6026567679935726	4KSD_B_A	7ND9_HL_B
4KSD	7CM4	SGKIA	 GKIA	TGKIA	321871.0	True	True	True	3	A:417	H:32	A:891	None	False	1,4	4	0.2	0.8695700000000001	0.05300117860113407	-1.6164254609901862	4KSD_B_A	7CM4_HL_A
4KSD	7ND3	SGKIA	 GKIA	TGKIA	299911.0	True	True	True	3	B:417	L:92	A:891	None	False	1,4	4	0.19	0.87611	0.0515303032073563	-1.6301935040463797	4KSD_B_A	7ND3_HL_B
4KSD	7DD2	SGKIA	 GKIA	TGKIA	303129.0	True	True	True	3	K:417	E:58	A:891	None	False	1,4	4	0.32	0.74736	0.07336768095814428	-1.45115982167114	4KSD_B_A	7DD2_EH_KD
4KSD	7D03	SGKIA	 GKIA	TGKIA	303140.0	True	True	True	3	A:417	H:55	A:891	None	False	1,4	4	0.31	0.7531399999999999	0.07146928523048657	-1.464935301010817	4KSD_B_A	7D03_HL_A
4KSD	7ND6	SGKIA	 GKIA	TGKIA	299911.0	True	True	True	3	B:417	H:100	A:891	None	False	1,4	4	0.23	0.83686	0.05761466796543491	-1.575117454163564	4KSD_B_A	7ND6_HL_B
4KSD	7D0D	SGKIA	 GKIA	TGKIA	303117.0	True	True	True	3	B:417	F:34	A:891	None	False	1,4	4	0.29	0.76873	0.06778609066815622	-1.4924844859298487	4KSD_B_A	7D0D_GF_B
4KSD	6XCM	SGKIA	 GKIA	TGKIA	303118.0	True	True	True	3	C:417	H:99	A:891	None	False	1,4	4	0.2	0.8614799999999999	0.05300117860113407	-1.6164254609901862	4KSD_B_A	6XCM_NS_B
4KSD	6XC7	SGKIA	 GKIA	TGKIA	315097.0	True	True	True	3	A:417	C:97	A:891	None	False	1,4	4	0.22	0.85111	0.056042904723505815	-1.5888874305523355	4KSD_B_A	6XC7_HL_A
4KSD	7NDA	SGKIA	 GKIA	TGKIA	299911.0	True	True	True	3	C:417	H:30	A:891	None	False	1,4	4	0.22	0.8441200000000001	0.056042904723505815	-1.5888874305523355	4KSD_B_A	7NDA_HL_CA
4KSD	7CZV	SGKIA	 GKIA	TGKIA	299910.0	True	True	True	3	C:417	N:31	A:891	None	False	1,4	4	0.29	0.76874	0.06778609066815622	-1.4924844859298487	4KSD_B_A	7CZV_HK_A
4KSD	7DK4	SGKIA	 GKIA	TGKIA	299923.0	True	True	True	3	C:417	f:57	A:891	None	False	1,4	4	0.07	0.98319	0.036298393406375196	-1.7953573267096816	4KSD_B_A	7DK4_ef_C
4KSD	7CZT	SGKIA	 GKIA	TGKIA	299910.0	True	True	True	3	C:417	M:57	A:891	None	False	1,4	4	0.29	0.76848	0.06778609066815622	-1.4924844859298487	4KSD_B_A	7CZT_HL_A
4KSD	7KXJ	SGKIA	 GKIA	TGKIA	303120.0	True	True	True	3	C:417	N:66	A:891	None	False	1,4	4	0.16	0.90589	0.047312103135685124	-1.6714936786340868	4KSD_B_A	7KXJ_JN_C
4KSD	6XCN	SGKIA	 GKIA	TGKIA	303118.0	True	True	True	3	E:417	F:52	A:891	None	False	1,4	4	0.22	0.8390799999999999	0.056042904723505815	-1.5888874305523355	4KSD_B_A	6XCN_FG_E
4KSD	7CZS	SGKIA	 GKIA	TGKIA	299910.0	True	True	True	3	C:417	J:33	A:891	None	False	1,4	4	0.29	0.7692399999999999	0.06778609066815622	-1.4924844859298487	4KSD_B_A	7CZS_HK_A
4KSD	7D0B	SGKIA	 GKIA	TGKIA	303140.0	True	True	True	3	A:417	L:34	A:891	None	False	1,4	4	0.29	0.7688	0.06778609066815622	-1.4924844859298487	4KSD_B_A	7D0B_HL_A
4KSD	7CZU	SGKIA	 GKIA	TGKIA	299910.0	True	True	True	3	C:417	N:31	A:891	None	False	1,4	4	0.29	0.76888	0.06778609066815622	-1.4924844859298487	4KSD_B_A	7CZU_HK_A
4KSD	7JWB	SGKIA	 GKIA	TGKIA	303118.0	True	True	True	3	A:417	D:33	A:891	None	False	1,4	4	0.25	0.80496	0.06086225410386603	-1.547575606538175	4KSD_B_A	7JWB_D_AB
4KSD	7R8N	SGKIA	 GKIA	TGKIA	299915.0	True	True	True	3	E:417	M:111	A:891	None	False	1,4	4	0.31	0.7378100000000001	0.07146928523048657	-1.464935301010817	4KSD_B_A	7R8N_MN_E
4KSD	7KXK	SGKIA	 GKIA	TGKIA	303120.0	True	True	True	3	C:417	N:36	A:891	None	False	1,4	4	0.28	0.76641	0.06600045455556902	-1.506258180493936	4KSD_B_A	7KXK_JN_C
4KSD	7K90	SGKIA	 GKIA	TGKIA	303117.0	True	True	True	3	C:417	O:100	A:891	None	False	1,4	4	0.34	0.71541	0.07728011727589779	-1.4236071167785291	4KSD_B_A	7K90_OP_C
4KSD	7ND5	SGKIA	 GKIA	TGKIA	299911.0	True	True	True	3	B:417	L:92	A:891	None	False	1,4	4	0.24	0.82545	0.0592209682255862	-1.5613468443256302	4KSD_B_A	7ND5_HL_B
4KSD	7D00	SGKIA	 GKIA	TGKIA	299910.0	True	True	True	3	C:417	J:33	A:891	None	False	1,4	4	0.29	0.76853	0.06778609066815622	-1.4924844859298487	4KSD_B_A	7D00_JN_C
4KSD	7MJL	SGKIA	 GKIA	TGKIA	318468.0	True	True	True	3	A:417	H:101	A:891	None	False	1,4	4	0.13	0.93556	0.04337579213707088	-1.7127878060356923	4KSD_B_A	7MJL_HL_A
4KSD	7CZR	SGKIA	 GKIA	TGKIA	299910.0	True	True	True	3	C:417	J:33	A:891	None	False	1,4	4	0.29	0.76922	0.06778609066815622	-1.4924844859298487	4KSD_B_A	7CZR_HK_A
4KSD	7KS9	SGKIA	 GKIA	TGKIA	303118.0	True	True	True	3	B:417	L:92	A:891	None	False	1,4	4	0.08	0.97802	0.03740744530228268	-1.7815975111253604	4KSD_B_A	7KS9_HL_B
4KSD	7KKL	SGKIA	 GKIA	TGKIA	299911.0	True	True	True	3	D:417	F:104	A:891	None	False	1,4	4	0.18	0.88612	0.05009214044677612	-1.6439608916676596	4KSD_B_A	7KKL_F_D
6QEE	7ND5	SGKIA	 GKIA	TGKIA	300858.0	True	True	True	3	B:417	L:92	A:894	None	False	1,4	4	0.42	0.6059399999999999	0.09452850689261538	-1.3133738229623362	6QEE_CB_A	7ND5_HL_B
6QEE	7D0C	SGKIA	 GKIA	TGKIA	304073.0	True	True	True	3	C:417	G:33	A:894	None	False	1,4	4	0.37	0.69235	0.08344382731867983	-1.3822737765826336	6QEE_CB_A	7D0C_HL_A
6QEE	7N0G	SGKIA	 GKIA	TGKIA	307336.0	True	True	True	3	C:417	Z:105	A:894	None	False	1,4	4	0.38	0.6650699999999999	0.0855786123248985	-1.3684948764771419	6QEE_CB_A	7N0G_Z_C
6QEE	7P77	SGKIA	 GKIA	TGKIA	304077.0	True	True	True	3	E:417	H:99	A:894	None	False	1,4	4	0.44	0.56755	0.09925467195461013	-1.2858101016193482	6QEE_CB_A	7P77_X_E
6QEE	7CZU	SGKIA	 GKIA	TGKIA	304073.0	True	True	True	3	C:417	N:31	A:894	None	False	1,4	4	0.39	0.63622	0.08775412064731603	-1.3547154255444276	6QEE_CB_A	7CZU_HK_A
6QEE	7D0B	SGKIA	 GKIA	TGKIA	304097.0	True	True	True	3	A:417	L:34	A:894	None	False	1,4	4	0.39	0.63565	0.08775412064731603	-1.3547154255444276	6QEE_CB_A	7D0B_HL_A
6QEE	6WPS	MSNITN	  NITN	FPNITN	409541.0	True	True	True	5	E:333	F:30	A:92	None	False	2,5	4	0.41	0.6203	0.09222872499141399	-1.3271548932679953	6QEE_CB_A	6WPS_FG_E
6QEE	7D00	SGKIA	 GKIA	TGKIA	304073.0	True	True	True	3	C:417	J:33	A:894	None	False	1,4	4	0.39	0.63608	0.08775412064731603	-1.3547154255444276	6QEE_CB_A	7D00_JN_C
6QEE	7CZR	SGKIA	 GKIA	TGKIA	304073.0	True	True	True	3	C:417	J:33	A:894	None	False	1,4	4	0.39	0.6362	0.08775412064731603	-1.3547154255444276	6QEE_CB_A	7CZR_HK_A
6QEE	7CZS	SGKIA	 GKIA	TGKIA	304073.0	True	True	True	3	C:417	J:33	A:894	None	False	1,4	4	0.39	0.63657	0.08775412064731603	-1.3547154255444276	6QEE_CB_A	7CZS_HK_A
6QEE	7ND4	SGKIA	 GKIA	TGKIA	304074.0	True	True	True	3	C:417	L:51	A:894	None	False	1,4	4	0.42	0.60573	0.09452850689261538	-1.3133738229623362	6QEE_CB_A	7ND4_HL_C
6QEE	7P78	SGKIA	 GKIA	TGKIA	304077.0	True	True	True	3	E:417	H:99	A:894	None	False	1,4	4	0.41	0.60948	0.09222872499141399	-1.3271548932679953	6QEE_CB_A	7P78_Y_E
6QEE	7CZW	SGKIA	 GKIA	TGKIA	304073.0	True	True	True	3	C:417	J:55	A:894	None	False	1,4	4	0.42	0.60555	0.09452850689261538	-1.3133738229623362	6QEE_CB_A	7CZW_HL_A
6QEE	7P79	SGKIA	 GKIA	TGKIA	304077.0	True	True	True	3	E:417	D:99	A:894	None	False	1,4	4	0.39	0.62942	0.08775412064731603	-1.3547154255444276	6QEE_CB_A	7P79_D_E
6QEE	7D03	SGKIA	 GKIA	TGKIA	304097.0	True	True	True	3	A:417	H:55	A:894	None	False	1,4	4	0.42	0.6056600000000001	0.09452850689261538	-1.3133738229623362	6QEE_CB_A	7D03_HL_A
6QEE	7DD2	SGKIA	 GKIA	TGKIA	310623.0	True	True	True	3	K:417	E:58	A:894	None	False	1,4	4	0.35	0.6921	0.0792949574426931	-1.4098299022479306	6QEE_CB_A	7DD2_EH_KD
6QEE	7ND3	SGKIA	 GKIA	TGKIA	300858.0	True	True	True	3	B:417	L:92	A:894	None	False	1,4	4	0.43	0.59458	0.09687038312413254	-1.2995922239055513	6QEE_CB_A	7ND3_HL_B
6QEE	7CZP	SGKIA	 GKIA	TGKIA	304073.0	True	True	True	3	C:417	J:103	A:894	None	False	1,4	4	0.41	0.60992	0.09222872499141399	-1.3271548932679953	6QEE_CB_A	7CZP_HL_A
6QEE	7NDA	MSNITN	  NITN	FPNITN	409579.0	True	True	True	5	A:333	H:2	A:92	None	False	2,5	4	0.33	0.70919	0.07530449057243149	-1.4373837584235154	6QEE_CB_A	7NDA_HL_CA
6QEE	7D0D	SGKIA	 GKIA	TGKIA	304073.0	True	True	True	3	B:417	F:34	A:894	None	False	1,4	4	0.39	0.6359199999999999	0.08775412064731603	-1.3547154255444276	6QEE_CB_A	7D0D_GF_B
6QEE	7CZQ	SGKIA	 GKIA	TGKIA	304073.0	True	True	True	3	C:417	J:33	A:894	None	False	1,4	4	0.39	0.63627	0.08775412064731603	-1.3547154255444276	6QEE_CB_A	7CZQ_HK_A
6QEE	6WPT	MSNITN	  NITN	FPNITN	413920.0	True	True	True	5	C:333	H:30	A:92	None	False	2,5	4	0.28	0.7621399999999999	0.06600045455556902	-1.506258180493936	6QEE_CB_A	6WPT_HL_C
6QEE	7ND6	SGKIA	 GKIA	TGKIA	300858.0	True	True	True	3	B:417	H:100	A:894	None	False	1,4	4	0.39	0.6396	0.08775412064731603	-1.3547154255444276	6QEE_CB_A	7ND6_HL_B
6QEE	7CZT	SGKIA	 GKIA	TGKIA	304073.0	True	True	True	3	C:417	M:57	A:894	None	False	1,4	4	0.39	0.63593	0.08775412064731603	-1.3547154255444276	6QEE_CB_A	7CZT_HL_A
6QEE	6XC7	SGKIA	 GKIA	TGKIA	316092.0	True	True	True	3	A:417	C:97	A:894	None	False	1,4	4	0.42	0.60692	0.09452850689261538	-1.3133738229623362	6QEE_CB_A	6XC7_HL_A
6QEE	7CZV	SGKIA	 GKIA	TGKIA	304073.0	True	True	True	3	C:417	N:31	A:894	None	False	1,4	4	0.39	0.63597	0.08775412064731603	-1.3547154255444276	6QEE_CB_A	7CZV_HK_A
5OGI	7LRT	GVEG	GVEG	GVEG	178362.0	True	True	True	3	C:484	D:56	A:188	None	False	0,3	4	0.33	0.7290399999999999	0.07530449057243149	-1.4373837584235154	5OGI_Bb_A	7LRT_DE_C
5OGI	7K90	GVEG	GVEG	GVEG	174599.0	True	True	True	2,3	C:483,C:484	O:58,O:56	A:187,A:188	None,None	False	0,3	4	0.34	0.72951	0.07728011727589779	-1.4236071167785291	5OGI_Bb_A	7K90_OP_C
5OGI	7KMK	GVEG	GVEG	GVEG	174602.0	True	True	True	3	B:484	I:109	A:188	None	False	0,3	4	0.4	0.62156	0.08997070898592208	-1.340935429301883	5OGI_Bb_A	7KMK_IM_B
5OGI	7KKK	GVEG	GVEG	GVEG	178354.0	True	True	True	2,3	E:483,E:484	F:57,F:54	A:187,A:188	None,None	False	0,3	4	0.44	0.59373	0.09925467195461013	-1.2858101016193482	5OGI_Bb_A	7KKK_F_E
5OGI	6XEY	GVEG	GVEG	GVEG	176466.0	True	True	True	2,3	C:483,C:484	J:58,J:50	A:187,A:188	None,None	False	0,3	4	0.39	0.63544	0.08775412064731603	-1.3547154255444276	5OGI_Bb_A	6XEY_JK_C
6OQ5	6ZDH	DFTGKLI	DFTG  I	DFTGCVI	179433.0	True	True	True	2,3	C:429,C:430	I:92,I:92	A:1926,A:1927	None,None	False	0,3	4	0.28	0.7698	0.06600045455556902	-1.506258180493936	6OQ5_D_A	6ZDH_GI_C
6OQ5	7RKV	DFTGKLI	DFTG  I	DFTGCVI	175656.0	True	True	True	2,3	C:429,C:430	G:31,G:31	A:1926,A:1927	None,None	False	0,3	4	0.36	0.67883	0.08134940025183568	-1.3960521203446195	6OQ5_D_A	7RKV_GL_C
7S6C	7CR5	GTTL	GTTL	GTTL	16337.6	True	True	True	3	A:166	L:98	A:350	None	False	0,3	4	0.28	0.76857	0.06600045455556902	-1.506258180493936	7S6C_EG_A	7CR5_HL_A
7S6C	7N3C	TEGA	TEGA	TEGA	17803.6	True	True	True	2,3	C:136,C:137	H:105,H:103	A:617,A:618	None,None	False	0,3	4	0.13	0.93769	0.04337579213707088	-1.7127878060356923	7S6C_EG_A	7N3C_HL_C
7KBT	7A29	LPSKVG	L SKVG	LDSKVG	316314.0	True	True	True	4	C:444	F:103	A:1992	None	False	2,5	4	0.37	0.65903	0.08344382731867983	-1.3822737765826336	7KBT_EF_A	7A29_F_C
7KBT	7VND	LPSKVG	L SKVG	LDSKVG	312969.0	True	True	True	4	C:444	V:45	A:1992	None	False	2,5	4	0.34	0.6864	0.07728011727589779	-1.4236071167785291	7KBT_EF_A	7VND_V_C
7KBT	7K9J	LPSKVG	L SKVG	LDSKVG	306371.0	True	True	True	4	C:444	J:102	A:1992	None	False	2,5	4	0.33	0.72214	0.07530449057243149	-1.4373837584235154	7KBT_EF_A	7K9J_JN_C
6OQ5	6ZDH	DFTGKLI	DFTG  I	DFTGCVI	179433.0	True	True	True	2,3	C:429,C:430	I:92,I:92	A:1926,A:1927	None,None	False	0,3	4	0.28	0.7698	0.06600045455556902	-1.506258180493936	6OQ5_D_A	6ZDH_GI_C
6OQ5	7RKV	DFTGKLI	DFTG  I	DFTGCVI	175656.0	True	True	True	2,3	C:429,C:430	G:31,G:31	A:1926,A:1927	None,None	False	0,3	4	0.36	0.67883	0.08134940025183568	-1.3960521203446195	6OQ5_D_A	7RKV_GL_C
5I5K	7RKV	SPGQT	 PGQT	APGQT	222688.0	True	True	True	3,4	C:413,C:414	G:1,L:60	A:585,A:586	None,None	False	1,4	4	0.4	0.6272	0.08997070898592208	-1.340935429301883	5I5K_XY_A	7RKV_GL_C
5I5K	7K8Y	SPGQT	 PGQT	APGQT	218003.0	True	True	True	3,4	D:413,D:414	I:53,I:52	A:585,A:586	None,None	False	1,4	4	0.24	0.81871	0.0592209682255862	-1.5613468443256302	5I5K_XY_A	7K8Y_GI_BD
5I5K	7KQE	SPGQT	 PGQT	APGQT	227485.0	True	True	True	4	C:414	M:69	A:586	None	False	1,4	4	0.35	0.67608	0.0792949574426931	-1.4098299022479306	5I5K_XY_A	7KQE_JM_C
5I5K	7CAK	SPGQT	 PGQT	APGQT	220335.0	True	True	True	4	C:414	I:101	A:586	None	False	1,4	4	0.1	0.95963	0.039708765158987136	-1.754075738080533	5I5K_XY_A	7CAK_ED_A
5I5K	7CWS	SPGQT	 PGQT	APGQT	225080.0	True	True	True	3,4	R:413,R:414	G:54,G:54	A:585,A:586	None,None	False	1,4	4	0.09	0.96809	0.03854408039486468	-1.7678369797558309	5I5K_XY_A	7CWS_PM_R
5I5K	7B18	SPGQT	 PGQT	APGQT	222698.0	True	True	True	4	C:414	I:97	A:586	None	False	1,4	4	0.29	0.76054	0.06778609066815622	-1.4924844859298487	5I5K_XY_A	7B18_H_C
5I5K	7N5H	SPGQT	 PGQT	APGQT	220336.0	True	True	True	3,4	C:413,C:414	J:94,K:56	A:585,A:586	None,None	False	1,4	4	0.24	0.81543	0.0592209682255862	-1.5613468443256302	5I5K_XY_A	7N5H_JK_C
5I5K	7K8X	SPGQT	 PGQT	APGQT	218003.0	True	True	True	4	C:414	F:52	A:586	None	False	1,4	4	0.39	0.63267	0.08775412064731603	-1.3547154255444276	5I5K_XY_A	7K8X_DF_BC
5I5K	7CAC	SPGQT	 PGQT	APGQT	220335.0	True	True	True	3,4	B:413,B:414	E:54,E:101	A:585,A:586	None,None	False	1,4	4	0.22	0.8404	0.056042904723505815	-1.5888874305523355	5I5K_XY_A	7CAC_ED_BA
5I5K	6ZDH	SPGQT	 PGQT	APGQT	218003.0	True	True	True	4	C:414	I:27	A:586	None	False	1,4	4	0.27	0.77898	0.06425155848976383	-1.5200312691195583	5I5K_XY_A	6ZDH_GI_C
5I5K	7LD1	SPGQT	 PGQT	APGQT	222690.0	True	True	True	4	C:414	N:27	A:586	None	False	1,4	4	0.43	0.59382	0.09687038312413254	-1.2995922239055513	5I5K_XY_A	7LD1_MN_C
7A6E	7D00	AGKIA	 GKIA	TGKIA	320933.0	True	True	True	3	C:417	J:33	A:895	None	False	1,4	4	0.29	0.7499600000000001	0.06778609066815622	-1.4924844859298487	7A6E_CB_A	7D00_JN_C
7A6E	7CZT	AGKIA	 GKIA	TGKIA	320933.0	True	True	True	3	C:417	M:57	A:895	None	False	1,4	4	0.29	0.75036	0.06778609066815622	-1.4924844859298487	7A6E_CB_A	7CZT_HL_A
7A6E	7CZV	AGKIA	 GKIA	TGKIA	320933.0	True	True	True	3	C:417	N:31	A:895	None	False	1,4	4	0.29	0.75029	0.06778609066815622	-1.4924844859298487	7A6E_CB_A	7CZV_HK_A
7A6E	7N0G	AGKIA	 GKIA	TGKIA	314191.0	True	True	True	3	C:417	Z:105	A:895	None	False	1,4	4	0.24	0.81529	0.0592209682255862	-1.5613468443256302	7A6E_CB_A	7N0G_Z_C
7A6E	7NDA	AGKIA	 GKIA	TGKIA	317539.0	True	True	True	3	C:417	H:30	A:895	None	False	1,4	4	0.36	0.66443	0.08134940025183568	-1.3960521203446195	7A6E_CB_A	7NDA_HL_CA
7A6E	7K90	AGKIA	 GKIA	TGKIA	310855.0	True	True	True	3	C:417	O:100	A:895	None	False	1,4	4	0.4	0.61465	0.08997070898592208	-1.340935429301883	7A6E_CB_A	7K90_OP_C
7A6E	7D0B	AGKIA	 GKIA	TGKIA	317562.0	True	True	True	3	A:417	L:34	A:895	None	False	1,4	4	0.29	0.75032	0.06778609066815622	-1.4924844859298487	7A6E_CB_A	7D0B_HL_A
7A6E	6XCM	AGKIA	 GKIA	TGKIA	314179.0	True	True	True	3	C:417	H:99	A:895	None	False	1,4	4	0.38	0.63531	0.0855786123248985	-1.3684948764771419	7A6E_CB_A	6XCM_NS_B
7A6E	7EJ4	AGKIA	 GKIA	TGKIA	320933.0	True	True	True	3	C:417	N:32	A:895	None	False	1,4	4	0.28	0.76379	0.06600045455556902	-1.506258180493936	7A6E_CB_A	7EJ4_JN_C
7A6E	6XC7	AGKIA	 GKIA	TGKIA	319725.0	True	True	True	3	A:417	C:97	A:895	None	False	1,4	4	0.31	0.72831	0.07146928523048657	-1.464935301010817	7A6E_CB_A	6XC7_HL_A
7A6E	7DK4	AGKIA	 GKIA	TGKIA	320946.0	True	True	True	3	C:417	f:57	A:895	None	False	1,4	4	0.27	0.78593	0.06425155848976383	-1.5200312691195583	7A6E_CB_A	7DK4_ef_C
7A6E	7P79	AGKIA	 GKIA	TGKIA	317541.0	True	True	True	3	E:417	D:99	A:895	None	False	1,4	4	0.39	0.64312	0.08775412064731603	-1.3547154255444276	7A6E_CB_A	7P79_D_E
7A6E	7D0D	AGKIA	 GKIA	TGKIA	317538.0	True	True	True	3	B:417	F:34	A:895	None	False	1,4	4	0.29	0.75025	0.06778609066815622	-1.4924844859298487	7A6E_CB_A	7D0D_GF_B
7A6E	7ND3	AGKIA	 GKIA	TGKIA	317539.0	True	True	True	3	B:417	L:92	A:895	None	False	1,4	4	0.33	0.70209	0.07530449057243149	-1.4373837584235154	7A6E_CB_A	7ND3_HL_B
7A6E	7MJK	AGKIA	 GKIA	TGKIA	307579.0	True	True	True	3	C:417	H:101	A:895	None	False	1,4	4	0.29	0.75526	0.06778609066815622	-1.4924844859298487	7A6E_CB_A	7MJK_HI_C
7A6E	7KML	AGKIA	 GKIA	TGKIA	314185.0	True	True	True	3	C:417	N:56	A:895	None	False	1,4	4	0.35	0.67925	0.0792949574426931	-1.4098299022479306	7A6E_CB_A	7KML_JN_C
7A6E	7ND5	AGKIA	 GKIA	TGKIA	317539.0	True	True	True	3	B:417	L:92	A:895	None	False	1,4	4	0.3	0.737	0.06960889372312762	-1.4787101909331306	7A6E_CB_A	7ND5_HL_B
7A6E	7ND9	AGKIA	 GKIA	TGKIA	324365.0	True	True	True	3	B:417	H:30	A:895	None	False	1,4	4	0.34	0.69095	0.07728011727589779	-1.4236071167785291	7A6E_CB_A	7ND9_HL_B
7A6E	7E86	AGKIA	 GKIA	TGKIA	312988.0	True	True	True	3	C:417	B:94	A:895	None	False	1,4	4	0.29	0.74722	0.06778609066815622	-1.4924844859298487	7A6E_CB_A	7E86_AB_C
7A6E	7CZR	AGKIA	 GKIA	TGKIA	320933.0	True	True	True	3	C:417	J:33	A:895	None	False	1,4	4	0.29	0.75083	0.06778609066815622	-1.4924844859298487	7A6E_CB_A	7CZR_HK_A
7A6E	7KKL	AGKIA	 GKIA	TGKIA	320934.0	True	True	True	3	D:417	F:104	A:895	None	False	1,4	4	0.38	0.64545	0.0855786123248985	-1.3684948764771419	7A6E_CB_A	7KKL_F_D
7A6E	7D0C	AGKIA	 GKIA	TGKIA	320933.0	True	True	True	3	C:417	G:33	A:895	None	False	1,4	4	0.22	0.83683	0.056042904723505815	-1.5888874305523355	7A6E_CB_A	7D0C_HL_A
7A6E	7KS9	AGKIA	 GKIA	TGKIA	314179.0	True	True	True	3	B:417	L:92	A:895	None	False	1,4	4	0.26	0.78999	0.06253897054275759	-1.533803746302101	7A6E_CB_A	7KS9_HL_B
7A6E	7DD2	AGKIA	 GKIA	TGKIA	320946.0	True	True	True	3	K:417	E:58	A:895	None	False	1,4	4	0.27	0.78	0.06425155848976383	-1.5200312691195583	7A6E_CB_A	7DD2_EH_KD
7A6E	7CZW	AGKIA	 GKIA	TGKIA	320933.0	True	True	True	3	C:417	J:55	A:895	None	False	1,4	4	0.32	0.7169399999999999	0.07336768095814428	-1.45115982167114	7A6E_CB_A	7CZW_HL_A
7A6E	7MJJ	AGKIA	 GKIA	TGKIA	307579.0	True	True	True	3	B:417	F:101	A:895	None	False	1,4	4	0.29	0.75195	0.06778609066815622	-1.4924844859298487	7A6E_CB_A	7MJJ_FG_B
7A6E	7DK5	AGKIA	 GKIA	TGKIA	320958.0	True	True	True	3	A:417	b:57	A:895	None	False	1,4	4	0.43	0.57623	0.09687038312413254	-1.2995922239055513	7A6E_CB_A	7DK5_ab_A
7A6E	7D03	AGKIA	 GKIA	TGKIA	317562.0	True	True	True	3	A:417	H:55	A:895	None	False	1,4	4	0.32	0.71683	0.07336768095814428	-1.45115982167114	7A6E_CB_A	7D03_HL_A
7A6E	7CZS	AGKIA	 GKIA	TGKIA	320933.0	True	True	True	3	C:417	J:33	A:895	None	False	1,4	4	0.29	0.75112	0.06778609066815622	-1.4924844859298487	7A6E_CB_A	7CZS_HK_A
7A6E	7MJL	AGKIA	 GKIA	TGKIA	330097.0	True	True	True	3	A:417	H:101	A:895	None	False	1,4	4	0.27	0.7754300000000001	0.06425155848976383	-1.5200312691195583	7A6E_CB_A	7MJL_HL_A
7A6E	7DK6	AGKIA	 GKIA	TGKIA	320946.0	True	True	True	3	B:417	d:57	A:895	None	False	1,4	4	0.32	0.71615	0.07336768095814428	-1.45115982167114	7A6E_CB_A	7DK6_cd_B
7A6E	7ND4	AGKIA	 GKIA	TGKIA	320934.0	True	True	True	3	C:417	L:51	A:895	None	False	1,4	4	0.3	0.7388899999999999	0.06960889372312762	-1.4787101909331306	7A6E_CB_A	7ND4_HL_C
7A6E	7CZP	AGKIA	 GKIA	TGKIA	320933.0	True	True	True	3	C:417	J:103	A:895	None	False	1,4	4	0.32	0.72213	0.07336768095814428	-1.45115982167114	7A6E_CB_A	7CZP_HL_A
7A6E	7CZU	AGKIA	 GKIA	TGKIA	320933.0	True	True	True	3	C:417	N:31	A:895	None	False	1,4	4	0.29	0.75069	0.06778609066815622	-1.4924844859298487	7A6E_CB_A	7CZU_HK_A
7A6E	7CM4	AGKIA	 GKIA	TGKIA	326598.0	True	True	True	3	A:417	H:32	A:895	None	False	1,4	4	0.31	0.72213	0.07146928523048657	-1.464935301010817	7A6E_CB_A	7CM4_HL_A
7A6E	7P78	AGKIA	 GKIA	TGKIA	317541.0	True	True	True	3	E:417	H:99	A:895	None	False	1,4	4	0.4	0.6326	0.08997070898592208	-1.340935429301883	7A6E_CB_A	7P78_Y_E
7A6E	7CZQ	AGKIA	 GKIA	TGKIA	320933.0	True	True	True	3	C:417	J:33	A:895	None	False	1,4	4	0.29	0.75049	0.06778609066815622	-1.4924844859298487	7A6E_CB_A	7CZQ_HK_A
7A6E	7N0H	AGKIA	 GKIA	TGKIA	314191.0	True	True	True	3	C:417	Z:105	A:895	None	False	1,4	4	0.21	0.8564700000000001	0.05450522657551715	-1.6026567679935726	7A6E_CB_A	7N0H_Z_C
7A6E	7KN6	AGKIA	 GKIA	TGKIA	323132.0	True	True	True	3	A:417	H:97	A:895	None	False	1,4	4	0.27	0.77927	0.06425155848976383	-1.5200312691195583	7A6E_CB_A	7KN6_C_A
7A6E	7KXJ	AGKIA	 GKIA	TGKIA	310858.0	True	True	True	3	C:417	N:66	A:895	None	False	1,4	4	0.33	0.7058800000000001	0.07530449057243149	-1.4373837584235154	7A6E_CB_A	7KXJ_JN_C
7A6E	7JWB	AGKIA	 GKIA	TGKIA	320934.0	True	True	True	3	A:417	D:33	A:895	None	False	1,4	4	0.41	0.60331	0.09222872499141399	-1.3271548932679953	7A6E_CB_A	7JWB_D_AB
7A6E	7ND6	AGKIA	 GKIA	TGKIA	317539.0	True	True	True	3	B:417	H:100	A:895	None	False	1,4	4	0.28	0.76335	0.06600045455556902	-1.506258180493936	7A6E_CB_A	7ND6_HL_B
6OQ5	6ZDH	DFTGKLI	DFTG  I	DFTGCVI	179433.0	True	True	True	2,3	C:429,C:430	I:92,I:92	A:1926,A:1927	None,None	False	0,3	4	0.28	0.7698	0.06600045455556902	-1.506258180493936	6OQ5_D_A	6ZDH_GI_C
6OQ5	7RKV	DFTGKLI	DFTG  I	DFTGCVI	175656.0	True	True	True	2,3	C:429,C:430	G:31,G:31	A:1926,A:1927	None,None	False	0,3	4	0.36	0.67883	0.08134940025183568	-1.3960521203446195	6OQ5_D_A	7RKV_GL_C
7S6D	7N3C	TEGA	TEGA	TEGA	17666.5	True	True	True	2,3	C:136,C:137	H:105,H:103	A:617,A:618	None,None	False	0,3	4	0.12	0.94853	0.04212415315785922	-1.7265511457374891	7S6D_EG_A	7N3C_HL_C
7S6D	7CR5	GTTL	GTTL	GTTL	16211.8	True	True	True	3	A:166	L:98	A:350	None	False	0,3	4	0.25	0.80789	0.06086225410386603	-1.547575606538175	7S6D_EG_A	7CR5_HL_A
5XEZ	7S3N	KSELDK	K ELDK	KEELDK	2704.7	True	True	True	4,5	A:1152,A:1153	L:101,H:109	A:1046,A:1047	None,None	False	2,5	4	0.18	0.8837799999999999	0.05009214044677612	-1.6439608916676596	5XEZ_CD_A	7S3N_HL_A
5XEZ	7RNJ	KSELDK	K ELDK	KEELDK	3042.8	True	True	True	4,5	B:1152,B:1153	H:33,H:33	A:1046,A:1047	None,None	False	2,5	4	0.19	0.87261	0.0515303032073563	-1.6301935040463797	5XEZ_CD_A	7RNJ_HL_B
6PV7	7CYV	DDFTPS	DDFT  	DDFTGC	51851.2	True	True	True	2	B:428	H:1029	B:173	None	False	0,3	4	0.2	0.8652700000000001	0.05300117860113407	-1.6164254609901862	6PV7_HI_AB	7CYV_Hh_B
6PV7	7N5H	DDFTPS	DDFT  	DDFTGC	56887.1	True	True	True	2,3	C:428,C:429	J:31,J:33	B:173,B:174	None,None	False	0,3	4	0.36	0.66651	0.08134940025183568	-1.3960521203446195	6PV7_HI_AB	7N5H_JK_C
6PV7	7BNV	DDFTPS	DDFT  	DDFTGC	54286.3	True	True	True	2	A:428	H:30	B:173	None	False	0,3	4	0.24	0.81106	0.0592209682255862	-1.5613468443256302	6PV7_HI_AB	7BNV_HL_A
6PV7	6ZFO	DDFTPS	DDFT  	DDFTGC	54285.5	True	True	True	2,3	E:428,E:429	L:92,L:92	B:173,B:174	None,None	False	0,3	4	0.19	0.8773700000000001	0.0515303032073563	-1.6301935040463797	6PV7_HI_AB	6ZFO_HL_E
6PV7	6Z2M	DDFTPS	DDFT  	DDFTGC	54705.0	True	True	True	2,3	E:428,E:429	L:33,L:31	B:173,B:174	None,None	False	0,3	4	0.11	0.95427	0.04090196683116987	-1.7403137915803275	6PV7_HI_AB	6Z2M_F_E
6PV7	6XC3	DDFTPS	DDFT  	DDFTGC	54124.4	True	True	True	2	C:428	L:27	B:173	None	False	0,3	4	0.16	0.90442	0.047312103135685124	-1.6714936786340868	6PV7_HI_AB	6XC3_BA_C
6PV7	6YM0	DDFTPS	DDFT  	DDFTGC	54287.9	True	True	True	2,3	E:428,E:429	L:31,L:31	B:173,B:174	None,None	False	0,3	4	0.3	0.74015	0.06960889372312762	-1.4787101909331306	6PV7_HI_AB	6YM0_HL_E
6PV7	7M6D	DDFTPS	DDFT  	DDFTGC	54130.4	True	True	True	2,3	C:428,C:429	B:27,B:27	B:173,B:174	None,None	False	0,3	4	0.28	0.77995	0.06600045455556902	-1.506258180493936	6PV7_HI_AB	7M6D_HL_C
6PV7	6ZER	DDFTPS	DDFT  	DDFTGC	54287.9	True	True	True	2,3	E:428,E:429	L:92,L:92	B:173,B:174	None,None	False	0,3	4	0.19	0.87195	0.0515303032073563	-1.6301935040463797	6PV7_HI_AB	6ZER_BC_A
6PV7	6W41	DDFTPS	DDFT  	DDFTGC	54705.0	True	True	True	2,3	C:428,C:429	L:27,L:27	B:173,B:174	None,None	False	0,3	4	0.36	0.6734	0.08134940025183568	-1.3960521203446195	6PV7_HI_AB	6W41_HL_C
6PV7	6ZDG	DDFTPS	DDFT  	DDFTGC	54285.5	True	True	True	2,3	E:428,E:429	L:92,L:92	B:173,B:174	None,None	False	0,3	4	0.41	0.62178	0.09222872499141399	-1.3271548932679953	6PV7_HI_AB	6ZDG_HL_E
6PV7	6YLA	DDFTPS	DDFT  	DDFTGC	56050.4	True	True	True	2,3	E:428,E:429	L:31,L:31	B:173,B:174	None,None	False	0,3	4	0.28	0.7709199999999999	0.06600045455556902	-1.506258180493936	6PV7_HI_AB	6YLA_HL_E
6PV7	7EAN	DDFTPS	DDFT  	DDFTGC	55455.0	True	True	True	2	A:428	L:53	B:173	None	False	0,3	4	0.18	0.8817	0.05009214044677612	-1.6439608916676596	6PV7_HI_AB	7EAN_HL_A
6PV7	7LM8	DDFTPS	DDFT  	DDFTGC	54287.9	True	True	True	2,3	A:428,A:429	H:31,H:97	B:173,B:174	None,None	False	0,3	4	0.22	0.8383799999999999	0.056042904723505815	-1.5888874305523355	6PV7_HI_AB	7LM8_MN_A
6PV7	7JMW	DDFTPS	DDFT  	DDFTGC	54287.1	True	True	True	2,3	A:428,A:429	H:97,H:97	B:173,B:174	None,None	False	0,3	4	0.2	0.85993	0.05300117860113407	-1.6164254609901862	6PV7_HI_AB	7JMW_HL_A
6PV8	6ZFO	DDFTPS	DDFT  	DDFTGC	54285.5	True	True	True	2,3	E:428,E:429	L:92,L:92	B:173,B:174	None,None	False	0,3	4	0.17	0.89546	0.048686228330518055	-1.6577276183608467	6PV8_HI_AB	6ZFO_HL_E
6PV8	6ZER	DDFTPS	DDFT  	DDFTGC	54287.9	True	True	True	2,3	E:428,E:429	L:92,L:92	B:173,B:174	None,None	False	0,3	4	0.18	0.88697	0.05009214044677612	-1.6439608916676596	6PV8_HI_AB	6ZER_BC_A
6PV8	7LM8	DDFTPS	DDFT  	DDFTGC	54287.9	True	True	True	2,3	A:428,A:429	H:31,H:97	B:173,B:174	None,None	False	0,3	4	0.21	0.85349	0.05450522657551715	-1.6026567679935726	6PV8_HI_AB	7LM8_MN_A
6PV8	7N5H	DDFTPS	DDFT  	DDFTGC	56887.1	True	True	True	2,3	C:428,C:429	J:31,J:33	B:173,B:174	None,None	False	0,3	4	0.34	0.6944100000000001	0.07728011727589779	-1.4236071167785291	6PV8_HI_AB	7N5H_JK_C
6PV8	6YM0	DDFTPS	DDFT  	DDFTGC	54287.9	True	True	True	2,3	E:428,E:429	L:31,L:31	B:173,B:174	None,None	False	0,3	4	0.29	0.75011	0.06778609066815622	-1.4924844859298487	6PV8_HI_AB	6YM0_HL_E
6PV8	7JMW	DDFTPS	DDFT  	DDFTGC	54287.1	True	True	True	2,3	A:428,A:429	H:97,H:97	B:173,B:174	None,None	False	0,3	4	0.2	0.8615299999999999	0.05300117860113407	-1.6164254609901862	6PV8_HI_AB	7JMW_HL_A
6PV8	6XC3	DDFTPS	DDFT  	DDFTGC	54124.4	True	True	True	2	C:428	L:27	B:173	None	False	0,3	4	0.17	0.8990600000000001	0.048686228330518055	-1.6577276183608467	6PV8_HI_AB	6XC3_BA_C
6PV8	6Z2M	DDFTPS	DDFT  	DDFTGC	54705.0	True	True	True	2,3	E:428,E:429	L:33,L:31	B:173,B:174	None,None	False	0,3	4	0.11	0.95385	0.04090196683116987	-1.7403137915803275	6PV8_HI_AB	6Z2M_F_E
6PV8	7BNV	DDFTPS	DDFT  	DDFTGC	54286.3	True	True	True	2	A:428	H:30	B:173	None	False	0,3	4	0.23	0.8247	0.05761466796543491	-1.575117454163564	6PV8_HI_AB	7BNV_HL_A
6PV8	6YLA	DDFTPS	DDFT  	DDFTGC	56050.4	True	True	True	2,3	E:428,E:429	L:31,L:31	B:173,B:174	None,None	False	0,3	4	0.27	0.77985	0.06425155848976383	-1.5200312691195583	6PV8_HI_AB	6YLA_HL_E
6PV8	7CYV	DDFTPS	DDFT  	DDFTGC	51851.2	True	True	True	2	B:428	H:1029	B:173	None	False	0,3	4	0.22	0.8468	0.056042904723505815	-1.5888874305523355	6PV8_HI_AB	7CYV_Hh_B
6PV8	6W41	DDFTPS	DDFT  	DDFTGC	54705.0	True	True	True	2,3	C:428,C:429	L:27,L:27	B:173,B:174	None,None	False	0,3	4	0.35	0.68001	0.0792949574426931	-1.4098299022479306	6PV8_HI_AB	6W41_HL_C
6PV8	7EAN	DDFTPS	DDFT  	DDFTGC	55455.0	True	True	True	2	A:428	L:53	B:173	None	False	0,3	4	0.18	0.8844799999999999	0.05009214044677612	-1.6439608916676596	6PV8_HI_AB	7EAN_HL_A
6PV8	6ZDG	DDFTPS	DDFT  	DDFTGC	54285.5	True	True	True	2,3	E:428,E:429	L:92,L:92	B:173,B:174	None,None	False	0,3	4	0.38	0.6521	0.0855786123248985	-1.3684948764771419	6PV8_HI_AB	6ZDG_HL_E
6PV8	7M6D	DDFTPS	DDFT  	DDFTGC	54130.4	True	True	True	2,3	C:428,C:429	B:27,B:27	B:173,B:174	None,None	False	0,3	4	0.29	0.77073	0.06778609066815622	-1.4924844859298487	6PV8_HI_AB	7M6D_HL_C
6SSP	7L2D	TPGD	TPGD	TPGD	49272.6	True	True	True	3	A:252	H:101	B:52	None	False	0,3	4	0.31	0.72828	0.07146928523048657	-1.464935301010817	6SSP_K_ACBED	7L2D_HL_A
6SSP	7L2D	TPGDKP	TPGD  	TPGDSS	48197.3	True	True	True	3	A:252	H:101	D:52	None	False	0,3	4	0.2	0.85854	0.05300117860113407	-1.6164254609901862	6SSP_K_ACBED	7L2D_HL_A
6SSP	7LQV	TPGDKP	TPGD  	TPGDSS	48195.4	True	True	True	3	C:252	Y:101	D:52	None	False	0,3	4	0.39	0.62566	0.08775412064731603	-1.3547154255444276	6SSP_K_ACBED	7LQV_YZ_C
6SSP	7L2D	TPGD	TPGD	TPGD	49073.5	True	True	True	3	A:252	H:101	E:52	None	False	0,3	4	0.32	0.70519	0.07336768095814428	-1.45115982167114	6SSP_K_ACBED	7L2D_HL_A
6SSP	7L2D	TPGD	TPGD	TPGD	49272.6	True	True	True	3	A:252	H:101	C:52	None	False	0,3	4	0.32	0.7143	0.07336768095814428	-1.45115982167114	6SSP_K_ACBED	7L2D_HL_A
6SSP	7L2D	TPGDKP	TPGD  	TPGDSS	49512.0	True	True	True	3	A:252	H:101	A:52	None	False	0,3	4	0.29	0.7448899999999999	0.06778609066815622	-1.4924844859298487	6SSP_K_ACBED	7L2D_HL_A
6PWU	7AKD	NITN	NITN	NITN	866800.0	True	True	True	2,3	C:332,C:333	E:56,E:56	C:139,C:140	None,None	False	0,3	4	0.44	0.5816	0.09925467195461013	-1.2858101016193482	6PWU_HL_ACE	7AKD_DE_C
6PWU	7NDA	NITN	NITN	NITN	885492.0	True	True	True	3	A:333	H:2	E:140	None	False	0,3	4	0.37	0.6595	0.08344382731867983	-1.3822737765826336	6PWU_HL_ACE	7NDA_HL_CA
6PWU	7NDA	NITN	NITN	NITN	885492.0	True	True	True	3	A:333	H:2	C:140	None	False	0,3	4	0.38	0.65474	0.0855786123248985	-1.3684948764771419	6PWU_HL_ACE	7NDA_HL_CA
3ZDX	7E8C	SGDSS	 GDSS	PGDSS	231941.0	True	True	True	3,4	C:253,C:254	S:32,S:32	D:76,D:77	None,None	False	1,4	4	0.27	0.77544	0.06425155848976383	-1.5200312691195583	3ZDX_HL_AD	7E8C_HL_A
3ZDX	7L2C	SGDSS	 GDSS	PGDSS	222702.0	True	True	True	3	B:253	C:1	D:76	None	False	1,4	4	0.27	0.79587	0.06425155848976383	-1.5200312691195583	3ZDX_HL_AD	7L2C_CD_B
4Z7O	7L2C	SGDSS	 GDSS	PGDSS	222702.0	True	True	True	3	B:253	C:1	D:76	None	False	1,4	4	0.26	0.79876	0.06253897054275759	-1.533803746302101	4Z7O_HL_AD	7L2C_CD_B
4Z7O	7E8C	SGDSS	 GDSS	PGDSS	231941.0	True	True	True	3,4	C:253,C:254	S:32,S:32	D:76,D:77	None,None	False	1,4	4	0.4	0.6222300000000001	0.08997070898592208	-1.340935429301883	4Z7O_HL_AD	7E8C_HL_A
3ZDZ	7L2C	SGDSS	 GDSS	PGDSS	222702.0	True	True	True	3	B:253	C:1	D:76	None	False	1,4	4	0.27	0.79195	0.06425155848976383	-1.5200312691195583	3ZDZ_HL_AD	7L2C_CD_B
3ZDZ	7E8C	SGDSS	 GDSS	PGDSS	231941.0	True	True	True	3,4	C:253,C:254	S:32,S:32	D:76,D:77	None,None	False	1,4	4	0.43	0.5915	0.09687038312413254	-1.2995922239055513	3ZDZ_HL_AD	7E8C_HL_A
3ZE0	7E8C	SGDSS	 GDSS	PGDSS	231941.0	True	True	True	3,4	C:253,C:254	S:32,S:32	D:76,D:77	None,None	False	1,4	4	0.38	0.64608	0.0855786123248985	-1.3684948764771419	3ZE0_HL_AD	7E8C_HL_A
3ZE0	7L2C	SGDSS	 GDSS	PGDSS	222702.0	True	True	True	3	B:253	C:1	D:76	None	False	1,4	4	0.27	0.78828	0.06425155848976383	-1.5200312691195583	3ZE0_HL_AD	7L2C_CD_B
3NIG	7E7X	SGDSS	 GDSS	PGDSS	230809.0	True	True	True	3	B:253	M:27	D:76	None	False	1,4	4	0.43	0.65149	0.09687038312413254	-1.2995922239055513	3NIG_HL_AD	7E7X_MN_B
3ZDY	7L2C	SGDSS	 GDSS	PGDSS	222702.0	True	True	True	3	B:253	C:1	D:76	None	False	1,4	4	0.25	0.8163199999999999	0.06086225410386603	-1.547575606538175	3ZDY_HL_AD	7L2C_CD_B
3ZDY	7E8C	SGDSS	 GDSS	PGDSS	231941.0	True	True	True	3,4	C:253,C:254	S:32,S:32	D:76,D:77	None,None	False	1,4	4	0.33	0.70595	0.07530449057243149	-1.4373837584235154	3ZDY_HL_AD	7E8C_HL_A
3ZE1	7L2C	SGDSS	 GDSS	PGDSS	222702.0	True	True	True	3	B:253	C:1	D:76	None	False	1,4	4	0.24	0.82681	0.0592209682255862	-1.5613468443256302	3ZE1_HL_AD	7L2C_CD_B
3ZE1	7E8C	SGDSS	 GDSS	PGDSS	231941.0	True	True	True	3,4	C:253,C:254	S:32,S:32	D:76,D:77	None,None	False	1,4	4	0.35	0.67416	0.0792949574426931	-1.4098299022479306	3ZE1_HL_AD	7E8C_HL_A
3T3P	7E8C	SGDSS	 GDSS	PGDSS	237949.0	True	True	True	3,4	C:253,C:254	S:32,S:32	D:76,D:77	None,None	False	1,4	4	0.35	0.69011	0.0792949574426931	-1.4098299022479306	3T3P_HL_AD	7E8C_HL_A
3T3P	7L2C	SGDSS	 GDSS	PGDSS	230926.0	True	True	True	3	B:253	C:1	D:76	None	False	1,4	4	0.22	0.84247	0.056042904723505815	-1.5888874305523355	3T3P_HL_AD	7L2C_CD_B
4Z7Q	7E8C	SGDSS	 GDSS	PGDSS	237949.0	True	True	True	3,4	C:253,C:254	S:32,S:32	D:76,D:77	None,None	False	1,4	4	0.25	0.80565	0.06086225410386603	-1.547575606538175	4Z7Q_HL_AD	7E8C_HL_A
4Z7Q	7L2C	SGDSS	 GDSS	PGDSS	230926.0	True	True	True	3	B:253	C:1	D:76	None	False	1,4	4	0.23	0.8394299999999999	0.05761466796543491	-1.575117454163564	4Z7Q_HL_AD	7L2C_CD_B
4Z7N	7E8C	SGDSS	 GDSS	PGDSS	231941.0	True	True	True	3,4	C:253,C:254	S:32,S:32	D:76,D:77	None,None	False	1,4	4	0.39	0.6340600000000001	0.08775412064731603	-1.3547154255444276	4Z7N_HL_AD	7E8C_HL_A
4Z7N	7L2C	SGDSS	 GDSS	PGDSS	222702.0	True	True	True	3	B:253	C:1	D:76	None	False	1,4	4	0.26	0.80213	0.06253897054275759	-1.533803746302101	4Z7N_HL_AD	7L2C_CD_B
3T3M	7L2C	SGDSS	 GDSS	PGDSS	230926.0	True	True	True	3	B:253	C:1	D:76	None	False	1,4	4	0.27	0.79013	0.06425155848976383	-1.5200312691195583	3T3M_HL_AD	7L2C_CD_B
3T3M	7E8C	SGDSS	 GDSS	PGDSS	237949.0	True	True	True	3,4	C:253,C:254	S:32,S:32	D:76,D:77	None,None	False	1,4	4	0.37	0.65869	0.08344382731867983	-1.3822737765826336	3T3M_HL_AD	7E8C_HL_A
3NIF	7L2D	SGDSS	 GDSS	PGDSS	238447.0	True	True	True	3,4	A:253,A:254	H:1,H:1	D:76,D:77	None,None	False	1,4	4	0.21	0.85441	0.05450522657551715	-1.6026567679935726	3NIF_HL_AD	7L2D_HL_A
6ULC	7LD1	GPGQT	 PGQT	APGQT	60913.5	True	True	True	4	C:414	N:27	A:315	None	False	1,4	4	0.38	0.66	0.0855786123248985	-1.3684948764771419	6ULC_HL_AE	7LD1_MN_C
6ULC	7CAC	GPGQTFATGD	 PGQT    D	APGQTGKIAD	60269.1	True	True	True	4	B:414	E:101	A:315	None	False	1,4	4	0.4	0.63157	0.08997070898592208	-1.340935429301883	6ULC_HL_AE	7CAC_ED_BA
6ULC	7M6I	GPGQT	 PGQT	APGQT	61565.2	True	True	True	4	B:414	L:54	A:315	None	False	1,4	4	0.37	0.67581	0.08344382731867983	-1.3822737765826336	6ULC_HL_AE	7M6I_HL_CB
6ULC	7MY2	GPGQTFATGD	 PGQT    D	APGQTGKIAD	59644.7	True	True	True	3,4	E:413,E:414	H:96,H:100	E:314,E:315	None,None	False	1,4	4	0.26	0.8012	0.06253897054275759	-1.533803746302101	6ULC_HL_AE	7MY2_H_E
6ULC	7E5S	GPGQTFATGD	 PGQT    D	APGQTGKIAD	63565.3	True	True	True	4	C:414	E:101	A:315	None	False	1,4	4	0.33	0.69943	0.07530449057243149	-1.4373837584235154	6ULC_HL_AE	7E5S_VS_C
6ULC	7K8X	GPGQT	 PGQT	APGQT	62889.7	True	True	True	4	C:414	F:52	A:315	None	False	1,4	4	0.41	0.62228	0.09222872499141399	-1.3271548932679953	6ULC_HL_AE	7K8X_DF_BC
6ULC	6ZDH	GPGQT	 PGQT	APGQT	62889.7	True	True	True	4	C:414	I:27	A:315	None	False	1,4	4	0.34	0.71241	0.07728011727589779	-1.4236071167785291	6ULC_HL_AE	6ZDH_GI_C
6ULC	7P7A	GPGQTFATGD	 PGQT    D	APGQTGKIAD	59644.7	True	True	True	4	E:414	D:110	E:315	None	False	1,4	4	0.38	0.66142	0.0855786123248985	-1.3684948764771419	6ULC_HL_AE	7P7A_D_E
6ULC	7P7A	GPGQTFATGD	 PGQT    D	APGQTGKIAD	63563.2	True	True	True	4	E:414	D:110	A:315	None	False	1,4	4	0.44	0.57123	0.09925467195461013	-1.2858101016193482	6ULC_HL_AE	7P7A_D_E
6ULC	7RKV	GPGQTFATGD	 PGQT    D	APGQTGKIAD	62223.5	True	True	True	4	C:414	L:60	A:315	None	False	1,4	4	0.37	0.66938	0.08344382731867983	-1.3822737765826336	6ULC_HL_AE	7RKV_GL_C
6ULC	7CAI	GPGQTFATGD	 PGQT    D	APGQTGKIAD	59631.1	True	True	True	4	B:414	G:101	A:315	None	False	1,4	4	0.37	0.64775	0.08344382731867983	-1.3822737765826336	6ULC_HL_AE	7CAI_GF_BC
6ULC	7NDA	NITN	NITN	NITN	303954.0	True	True	True	3	A:333	H:2	E:140	None	False	0,3	4	0.34	0.68689	0.07728011727589779	-1.4236071167785291	6ULC_HL_AE	7NDA_HL_CA
6ULC	6WPS	NITN	NITN	NITN	307180.0	True	True	True	3	E:333	F:30	E:140	None	False	0,3	4	0.26	0.7895800000000001	0.06253897054275759	-1.533803746302101	6ULC_HL_AE	6WPS_FG_E
6ULC	7KQE	GPGQTFATGD	 PGQT    D	APGQTGKIAD	62892.1	True	True	True	4	C:414	M:69	A:315	None	False	1,4	4	0.35	0.6866	0.0792949574426931	-1.4098299022479306	6ULC_HL_AE	7KQE_JM_C
6ULC	7N9B	GPGQTFATGD	 PGQT    D	APGQTGKIAD	61565.2	True	True	True	4	B:506	F:1	A:315	None	False	1,4	4	0.43	0.59137	0.09687038312413254	-1.2995922239055513	6ULC_HL_AE	7N9B_D_A
6ULC	7CAK	GPGQTFATGD	 PGQT    D	APGQTGKIAD	59631.1	True	True	True	4	C:414	I:101	A:315	None	False	1,4	4	0.42	0.63793	0.09452850689261538	-1.3133738229623362	6ULC_HL_AE	7CAK_ED_A
6ULC	7E5S	GPGQTFATGD	 PGQT    D	APGQTGKIAD	59646.6	True	True	True	3,4	C:413,C:414	E:54,E:101	E:314,E:315	None,None	False	1,4	4	0.42	0.62333	0.09452850689261538	-1.3133738229623362	6ULC_HL_AE	7E5S_VS_C
6ULC	6WPT	NITN	NITN	NITN	307180.0	True	True	True	3	C:333	H:30	E:140	None	False	0,3	4	0.4	0.63543	0.08997070898592208	-1.340935429301883	6ULC_HL_AE	6WPT_HL_C
6ULC	7CAI	GPGQTFATGD	 PGQT    D	APGQTGKIAD	55954.7	True	True	True	3,4	B:413,B:414	G:54,G:101	E:314,E:315	None,None	False	1,4	4	0.38	0.64528	0.0855786123248985	-1.3684948764771419	6ULC_HL_AE	7CAI_GF_BC
6ULC	7B18	GPGQTFATGD	 PGQT    D	APGQTGKIAD	61567.6	True	True	True	4	C:414	I:97	A:315	None	False	1,4	4	0.3	0.7488199999999999	0.06960889372312762	-1.4787101909331306	6ULC_HL_AE	7B18_H_C
6ULC	7N5H	GPGQT	 PGQT	APGQT	62224.5	True	True	True	4	C:414	K:56	A:315	None	False	1,4	4	0.36	0.68512	0.08134940025183568	-1.3960521203446195	6ULC_HL_AE	7N5H_JK_C
2NZ9	7N9E	PPEA	PPEA	PPEA	171946.0	True	True	True	2,3	B:987,B:988	D:107,D:107	B:63,B:64	None,None	False	0,3	4	0.31	0.7319399999999999	0.07146928523048657	-1.464935301010817	2NZ9_FE_B	7N9E_D_AB
5I5K	7K8X	SPGQT	 PGQT	APGQT	220509.0	True	True	True	4	C:414	F:52	B:586	None	False	1,4	4	0.39	0.63148	0.08775412064731603	-1.3547154255444276	5I5K_HL_B	7K8X_DF_BC
5I5K	7KQE	SPGQT	 PGQT	APGQT	230100.0	True	True	True	4	C:414	M:69	B:586	None	False	1,4	4	0.36	0.67293	0.08134940025183568	-1.3960521203446195	5I5K_HL_B	7KQE_JM_C
5I5K	7B18	SPGQT	 PGQT	APGQT	225258.0	True	True	True	4	C:414	I:97	B:586	None	False	1,4	4	0.29	0.7561100000000001	0.06778609066815622	-1.4924844859298487	5I5K_HL_B	7B18_H_C
5I5K	6ZDH	SPGQT	 PGQT	APGQT	220509.0	True	True	True	4	C:414	I:27	B:586	None	False	1,4	4	0.28	0.77405	0.06600045455556902	-1.506258180493936	5I5K_HL_B	6ZDH_GI_C
5I5K	7CAC	SPGQT	 PGQT	APGQT	222868.0	True	True	True	3,4	B:413,B:414	E:54,E:101	B:585,B:586	None,None	False	1,4	4	0.21	0.8461799999999999	0.05450522657551715	-1.6026567679935726	5I5K_HL_B	7CAC_ED_BA
5I5K	7RKV	SPGQT	 PGQT	APGQT	227656.0	True	True	True	3,4	C:413,C:414	G:1,L:60	B:585,B:586	None,None	False	1,4	4	0.4	0.62345	0.08997070898592208	-1.340935429301883	5I5K_HL_B	7RKV_GL_C
5I5K	7CWS	SPGQT	 PGQT	APGQT	225259.0	True	True	True	3,4	R:413,R:414	G:54,G:54	B:585,B:586	None,None	False	1,4	4	0.09	0.96978	0.03854408039486468	-1.7678369797558309	5I5K_HL_B	7CWS_PM_R
5I5K	7K8Y	SPGQT	 PGQT	APGQT	220509.0	True	True	True	3,4	D:413,D:414	I:53,I:52	B:585,B:586	None,None	False	1,4	4	0.23	0.8256100000000001	0.05761466796543491	-1.575117454163564	5I5K_HL_B	7K8Y_GI_BD
5I5K	7N5H	SPGQT	 PGQT	APGQT	222869.0	True	True	True	3,4	C:413,C:414	J:94,K:56	B:585,B:586	None,None	False	1,4	4	0.24	0.8144	0.0592209682255862	-1.5613468443256302	5I5K_HL_B	7N5H_JK_C
5I5K	7CAK	SPGQT	 PGQT	APGQT	222868.0	True	True	True	4	C:414	I:101	B:586	None	False	1,4	4	0.11	0.95775	0.04090196683116987	-1.7403137915803275	5I5K_HL_B	7CAK_ED_A
5I5K	7LD1	SPGQT	 PGQT	APGQT	225249.0	True	True	True	4	C:414	N:27	B:586	None	False	1,4	4	0.43	0.58785	0.09687038312413254	-1.2995922239055513	5I5K_HL_B	7LD1_MN_C
6EQC	7LRT	GVEG	GVEG	GVEG	177415.0	True	True	True	3	C:484	D:56	B:188	None	False	0,3	4	0.31	0.73142	0.07146928523048657	-1.464935301010817	6EQC_Ee_B	7LRT_DE_C
6EQC	7K90	GVEG	GVEG	GVEG	173672.0	True	True	True	2,3	C:483,C:484	O:58,O:56	B:187,B:188	None,None	False	0,3	4	0.29	0.77073	0.06778609066815622	-1.4924844859298487	6EQC_Ee_B	7K90_OP_C
6EQC	6XEY	GVEG	GVEG	GVEG	175530.0	True	True	True	2,3	C:483,C:484	J:58,J:50	B:187,B:188	None,None	False	0,3	4	0.41	0.62258	0.09222872499141399	-1.3271548932679953	6EQC_Ee_B	6XEY_JK_C
6EQC	7KMK	GVEG	GVEG	GVEG	173675.0	True	True	True	3	B:484	I:109	B:188	None	False	0,3	4	0.42	0.6100800000000001	0.09452850689261538	-1.3133738229623362	6EQC_Ee_B	7KMK_IM_B
7S6D	7N3C	TEGA	TEGA	TEGA	17646.9	True	True	True	2,3	C:136,C:137	H:105,H:103	B:617,B:618	None,None	False	0,3	4	0.12	0.94559	0.04212415315785922	-1.7265511457374891	7S6D_DF_B	7N3C_HL_C
7S6D	7CR5	GTTL	GTTL	GTTL	16193.8	True	True	True	3	A:166	L:98	B:350	None	False	0,3	4	0.33	0.71043	0.07530449057243149	-1.4373837584235154	7S6D_DF_B	7CR5_HL_A
7S6C	7CR5	GTTL	GTTL	GTTL	16211.8	True	True	True	3	A:166	L:98	B:350	None	False	0,3	4	0.25	0.79906	0.06086225410386603	-1.547575606538175	7S6C_HF_B	7CR5_HL_A
7S6C	7N3C	TEGA	TEGA	TEGA	17666.5	True	True	True	2,3	C:136,C:137	H:105,H:103	B:617,B:618	None,None	False	0,3	4	0.12	0.9468	0.04212415315785922	-1.7265511457374891	7S6C_HF_B	7N3C_HL_C
6AVU	7N62	SGDSS	 GDSS	PGDSS	218876.0	True	True	True	3,4	A:253,A:254	H:106,H:101	B:76,B:77	None,None	False	1,4	4	0.42	0.63375	0.09452850689261538	-1.3133738229623362	6AVU_HL_BA	7N62_HL_A
6EQC	7K43	GVEG	GVEG	GVEG	177410.0	True	True	True	3	E:484	F:55	C:188	None	False	0,3	4	0.38	0.65699	0.0855786123248985	-1.3684948764771419	6EQC_Dd_A	7K43_FG_E
6EQC	7ND8	GVEG	GVEG	GVEG	177407.0	True	True	True	2,3	B:483,B:484	H:59,H:59	C:187,C:188	None,None	False	0,3	4	0.42	0.60824	0.09452850689261538	-1.3133738229623362	6EQC_Dd_A	7ND8_HL_B
6EQC	7M71	GVEGQTPKYADKTFQPEPQIG	GVEG    +    +  +P  G	GVEGFNCYFPLQSYGFQPTNG	157207.0	True	True	True	2,3	A:483,A:484	L:96,H:33	C:187,C:188	None,None	False	0,3	4	0.38	0.6534399999999999	0.0855786123248985	-1.3684948764771419	6EQC_Dd_A	7M71_HL_AB
6EQC	7KML	GVEG	GVEG	GVEG	177410.0	True	True	True	3	C:484	J:110	C:188	None	False	0,3	4	0.4	0.63899	0.08997070898592208	-1.340935429301883	6EQC_Dd_A	7KML_JN_C
6EQC	6Z43	GVEG	GVEG	GVEG	177407.0	True	True	True	2,3	C:483,C:484	Z:57,Z:52	C:187,C:188	None,None	False	0,3	4	0.43	0.58843	0.09687038312413254	-1.2995922239055513	6EQC_Dd_A	6Z43_Z_C
6EQC	7VNC	GVEG	GVEG	GVEG	175544.0	True	True	True	3	C:484	V:56	C:188	None	False	0,3	4	0.34	0.6894600000000001	0.07728011727589779	-1.4236071167785291	6EQC_Dd_A	7VNC_V_C
6EQC	6XEY	GVEG	GVEG	GVEG	175530.0	True	True	True	2,3	C:483,C:484	J:58,J:50	C:187,C:188	None,None	False	0,3	4	0.28	0.7690600000000001	0.06600045455556902	-1.506258180493936	6EQC_Dd_A	6XEY_JK_C
6EQC	7L57	GVEG	GVEG	GVEG	177405.0	True	True	True	2,3	B:483,B:484	H:57,L:95	C:187,C:188	None,None	False	0,3	4	0.44	0.59163	0.09925467195461013	-1.2858101016193482	6EQC_Dd_A	7L57_HL_B
6EQC	7KKL	GVEG	GVEG	GVEG	177407.0	True	True	True	2,3	D:483,D:484	F:57,F:52	C:187,C:188	None,None	False	0,3	4	0.38	0.6606	0.0855786123248985	-1.3684948764771419	6EQC_Dd_A	7KKL_F_D
6EQC	7ND7	GVEG	GVEG	GVEG	177407.0	True	True	True	2,3	C:483,C:484	K:97,J:33	C:187,C:188	None,None	False	0,3	4	0.42	0.59318	0.09452850689261538	-1.3133738229623362	6EQC_Dd_A	7ND7_JK_C
6EQC	7N9B	GVEG	GVEG	GVEG	179304.0	True	True	True	2,3	C:575,C:576	F:45,F:45	C:187,C:188	None,None	False	0,3	4	0.36	0.66884	0.08134940025183568	-1.3960521203446195	6EQC_Dd_A	7N9B_F_CB
6EQC	7JV4	GVEG	GVEG	GVEG	175529.0	True	True	True	2,3	C:483,C:484	F:100,F:100	C:187,C:188	None,None	False	0,3	4	0.35	0.68123	0.0792949574426931	-1.4098299022479306	6EQC_Dd_A	7JV4_FG_C
6EQC	7E3K	GVEG	GVEG	GVEG	177407.0	True	True	True	2,3	C:483,C:484	L:30,L:94	C:187,C:188	None,None	False	0,3	4	0.39	0.64874	0.08775412064731603	-1.3547154255444276	6EQC_Dd_A	7E3K_HL_C
6EQC	7LS9	GVEG	GVEG	GVEG	177414.0	True	True	True	3	C:484	E:100	C:188	None	False	0,3	4	0.38	0.64967	0.0855786123248985	-1.3684948764771419	6EQC_Dd_A	7LS9_EG_C
6EQC	7MJH	GVEG	GVEG	GVEG	173680.0	True	True	True	2,3	C:483,C:484	F:82,F:79	C:187,C:188	None,None	False	0,3	4	0.43	0.60674	0.09687038312413254	-1.2995922239055513	6EQC_Dd_A	7MJH_F_C
6EQC	7KKK	GVEG	GVEG	GVEG	177407.0	True	True	True	2,3	E:483,E:484	F:57,F:54	C:187,C:188	None,None	False	0,3	4	0.35	0.68725	0.0792949574426931	-1.4098299022479306	6EQC_Dd_A	7KKK_F_E
6EQC	7VNE	GVEG	GVEG	GVEG	175537.0	True	True	True	3	B:484	V:42	C:188	None	False	0,3	4	0.36	0.67735	0.08134940025183568	-1.3960521203446195	6EQC_Dd_A	7VNE_V_CB
6EQC	6ZXN	GVEG	GVEG	GVEG	181228.0	True	True	True	2,3	C:483,C:484	F:33,F:35	C:187,C:188	None,None	False	0,3	4	0.43	0.59226	0.09687038312413254	-1.2995922239055513	6EQC_Dd_A	6ZXN_F_C
6EQC	7K8W	GVEG	GVEG	GVEG	177407.0	True	True	True	3	G:484	S:30	C:188	None	False	0,3	4	0.42	0.58921	0.09452850689261538	-1.3133738229623362	6EQC_Dd_A	7K8W_NS_G
6EQC	7R8O	GVEG	GVEG	GVEG	177410.0	True	True	True	2,3	E:483,E:484	N:54,M:100	C:187,C:188	None,None	False	0,3	4	0.34	0.6949	0.07728011727589779	-1.4236071167785291	6EQC_Dd_A	7R8O_MN_E
6EQC	7KQB	GVEG	GVEG	GVEG	177414.0	True	True	True	2,3	C:483,C:484	J:96,K:98	C:187,C:188	None,None	False	0,3	4	0.4	0.63708	0.08997070898592208	-1.340935429301883	6EQC_Dd_A	7KQB_KJ_C
6EQC	7MJI	GVEGQTPKYADKTFQPEPQIG	GVEG    +    +  +P  G	GVEGFNCYFPLQSYGFQPTYG	117926.0	True	True	True	2,3	B:483,B:484	E:82,E:79	C:187,C:188	None,None	False	0,3	4	0.43	0.5939	0.09687038312413254	-1.2995922239055513	6EQC_Dd_A	7MJI_E_B
6EQC	7P40	GVEG	GVEG	GVEG	179303.0	True	True	True	2,3	G:483,G:484	H:32,H:92	C:187,C:188	None,None	False	0,3	4	0.38	0.6500600000000001	0.0855786123248985	-1.3684948764771419	6EQC_Dd_A	7P40_IH_G
6EQC	7K4N	GVEG	GVEG	GVEG	179303.0	True	True	True	3	E:484	G:94	C:188	None	False	0,3	4	0.36	0.68776	0.08134940025183568	-1.3960521203446195	6EQC_Dd_A	7K4N_FG_E
6EQC	7KSG	GVEG	GVEG	GVEG	181228.0	True	True	True	3	C:484	F:100	C:188	None	False	0,3	4	0.33	0.70575	0.07530449057243149	-1.4373837584235154	6EQC_Dd_A	7KSG_F_C
6EQC	7SO9	GVEG	GVEG	GVEG	177413.0	True	True	True	3	K:484	M:52	C:188	None	False	0,3	4	0.39	0.64286	0.08775412064731603	-1.3547154255444276	6EQC_Dd_A	7SO9_ON_K
6EQC	7LRT	GVEG	GVEG	GVEG	177415.0	True	True	True	3	C:484	D:56	C:188	None	False	0,3	4	0.18	0.8879600000000001	0.05009214044677612	-1.6439608916676596	6EQC_Dd_A	7LRT_DE_C
6EQC	7K90	GVEG	GVEG	GVEG	173672.0	True	True	True	2,3	C:483,C:484	O:58,O:56	C:187,C:188	None,None	False	0,3	4	0.27	0.7807	0.06425155848976383	-1.5200312691195583	6EQC_Dd_A	7K90_OP_C
6EQC	7R8N	GVEG	GVEG	GVEG	177410.0	True	True	True	2,3	E:483,E:484	M:58,M:58	C:187,C:188	None,None	False	0,3	4	0.44	0.59032	0.09925467195461013	-1.2858101016193482	6EQC_Dd_A	7R8N_MN_E
6EQC	7KXK	GVEG	GVEG	GVEG	173675.0	True	True	True	3	C:484	J:109	C:188	None	False	0,3	4	0.36	0.67538	0.08134940025183568	-1.3960521203446195	6EQC_Dd_A	7KXK_JN_C
6EQC	7KMK	GVEG	GVEG	GVEG	173675.0	True	True	True	3	B:484	I:109	C:188	None	False	0,3	4	0.28	0.76757	0.06600045455556902	-1.506258180493936	6EQC_Dd_A	7KMK_IM_B
6EQC	7CAI	GVEG	GVEG	GVEG	173674.0	True	True	True	2,3	C:483,C:484	G:73,G:75	C:187,C:188	None,None	False	0,3	4	0.44	0.59297	0.09925467195461013	-1.2858101016193482	6EQC_Dd_A	7CAI_ED_A
7DNK	7N0R	NNAA	NNAA	NNAA	7235.68	True	True	True	2	B:154	D:100	A:179	None	False	0,3	4	0.35	0.6677	0.0792949574426931	-1.4098299022479306	7DNK_HL_DACE	7N0R_D_B
6PV8	7N5H	DDFTPS	DDFT  	DDFTGC	56887.1	True	True	True	2,3	C:428,C:429	J:31,J:33	E:173,E:174	None,None	False	0,3	4	0.43	0.57731	0.09687038312413254	-1.2995922239055513	6PV8_FG_DE	7N5H_JK_C
6PV8	7CYV	DDFTPS	DDFT  	DDFTGC	51851.2	True	True	True	2	B:428	H:1029	E:173	None	False	0,3	4	0.31	0.7471399999999999	0.07146928523048657	-1.464935301010817	6PV8_FG_DE	7CYV_Hh_B
6PV8	6ZFO	DDFTPS	DDFT  	DDFTGC	54285.5	True	True	True	2,3	E:428,E:429	L:92,L:92	E:173,E:174	None,None	False	0,3	4	0.28	0.77042	0.06600045455556902	-1.506258180493936	6PV8_FG_DE	6ZFO_HL_E
6PV8	6XC3	DDFTPS	DDFT  	DDFTGC	54124.4	True	True	True	2	C:428	L:27	E:173	None	False	0,3	4	0.27	0.78259	0.06425155848976383	-1.5200312691195583	6PV8_FG_DE	6XC3_BA_C
6PV8	6Z2M	DDFTPS	DDFT  	DDFTGC	54705.0	True	True	True	2,3	E:428,E:429	L:33,L:31	E:173,E:174	None,None	False	0,3	4	0.2	0.8688	0.05300117860113407	-1.6164254609901862	6PV8_FG_DE	6Z2M_F_E
6PV8	7LM8	DDFTPS	DDFT  	DDFTGC	54287.9	True	True	True	2,3	A:428,A:429	H:31,H:97	E:173,E:174	None,None	False	0,3	4	0.32	0.72126	0.07336768095814428	-1.45115982167114	6PV8_FG_DE	7LM8_MN_A
6PV8	6YLA	DDFTPS	DDFT  	DDFTGC	56050.4	True	True	True	2,3	E:428,E:429	L:31,L:31	E:173,E:174	None,None	False	0,3	4	0.38	0.6513800000000001	0.0855786123248985	-1.3684948764771419	6PV8_FG_DE	6YLA_HL_E
6PV8	6YM0	DDFTPS	DDFT  	DDFTGC	54287.9	True	True	True	2,3	E:428,E:429	L:31,L:31	E:173,E:174	None,None	False	0,3	4	0.4	0.62303	0.08997070898592208	-1.340935429301883	6PV8_FG_DE	6YM0_HL_E
6PV8	7EAN	DDFTPS	DDFT  	DDFTGC	55455.0	True	True	True	2	A:428	L:53	E:173	None	False	0,3	4	0.29	0.75863	0.06778609066815622	-1.4924844859298487	6PV8_FG_DE	7EAN_HL_A
6PV8	7M6D	DDFTPS	DDFT  	DDFTGC	54130.4	True	True	True	2,3	C:428,C:429	B:27,B:27	E:173,E:174	None,None	False	0,3	4	0.39	0.65691	0.08775412064731603	-1.3547154255444276	6PV8_FG_DE	7M6D_HL_C
6PV8	6ZER	DDFTPS	DDFT  	DDFTGC	54287.9	True	True	True	2,3	E:428,E:429	L:92,L:92	E:173,E:174	None,None	False	0,3	4	0.28	0.76194	0.06600045455556902	-1.506258180493936	6PV8_FG_DE	6ZER_BC_A
6PV8	7JMW	DDFTPS	DDFT  	DDFTGC	54287.1	True	True	True	2,3	A:428,A:429	H:97,H:97	E:173,E:174	None,None	False	0,3	4	0.31	0.73548	0.07146928523048657	-1.464935301010817	6PV8_FG_DE	7JMW_HL_A
6PV8	7BNV	DDFTPS	DDFT  	DDFTGC	54286.3	True	True	True	2	A:428	H:30	E:173	None	False	0,3	4	0.34	0.69381	0.07728011727589779	-1.4236071167785291	6PV8_FG_DE	7BNV_HL_A
6PV7	7N5H	DDFTPS	DDFT  	DDFTGC	56887.1	True	True	True	2,3	C:428,C:429	J:31,J:33	E:173,E:174	None,None	False	0,3	4	0.44	0.57116	0.09925467195461013	-1.2858101016193482	6PV7_FG_DE	7N5H_JK_C
6PV7	7CYV	DDFTPS	DDFT  	DDFTGC	51851.2	True	True	True	2	B:428	H:1029	E:173	None	False	0,3	4	0.3	0.7521399999999999	0.06960889372312762	-1.4787101909331306	6PV7_FG_DE	7CYV_Hh_B
6PV7	6YLA	DDFTPS	DDFT  	DDFTGC	56050.4	True	True	True	2,3	E:428,E:429	L:31,L:31	E:173,E:174	None,None	False	0,3	4	0.38	0.64985	0.0855786123248985	-1.3684948764771419	6PV7_FG_DE	6YLA_HL_E
6PV7	7M6D	DDFTPS	DDFT  	DDFTGC	54130.4	True	True	True	2,3	C:428,C:429	B:27,B:27	E:173,E:174	None,None	False	0,3	4	0.39	0.6580699999999999	0.08775412064731603	-1.3547154255444276	6PV7_FG_DE	7M6D_HL_C
6PV7	6ZER	DDFTPS	DDFT  	DDFTGC	54287.9	True	True	True	2,3	E:428,E:429	L:92,L:92	E:173,E:174	None,None	False	0,3	4	0.28	0.75937	0.06600045455556902	-1.506258180493936	6PV7_FG_DE	6ZER_BC_A
6PV7	7JMW	DDFTPS	DDFT  	DDFTGC	54287.1	True	True	True	2,3	A:428,A:429	H:97,H:97	E:173,E:174	None,None	False	0,3	4	0.31	0.73453	0.07146928523048657	-1.464935301010817	6PV7_FG_DE	7JMW_HL_A
6PV7	6Z2M	DDFTPS	DDFT  	DDFTGC	54705.0	True	True	True	2,3	E:428,E:429	L:33,L:31	E:173,E:174	None,None	False	0,3	4	0.19	0.8715799999999999	0.0515303032073563	-1.6301935040463797	6PV7_FG_DE	6Z2M_F_E
6PV7	6XC3	DDFTPS	DDFT  	DDFTGC	54124.4	True	True	True	2	C:428	L:27	E:173	None	False	0,3	4	0.27	0.78305	0.06425155848976383	-1.5200312691195583	6PV7_FG_DE	6XC3_BA_C
6PV7	6ZFO	DDFTPS	DDFT  	DDFTGC	54285.5	True	True	True	2,3	E:428,E:429	L:92,L:92	E:173,E:174	None,None	False	0,3	4	0.28	0.7668699999999999	0.06600045455556902	-1.506258180493936	6PV7_FG_DE	6ZFO_HL_E
6PV7	7BNV	DDFTPS	DDFT  	DDFTGC	54286.3	True	True	True	2	A:428	H:30	E:173	None	False	0,3	4	0.34	0.6913100000000001	0.07728011727589779	-1.4236071167785291	6PV7_FG_DE	7BNV_HL_A
6PV7	7LM8	DDFTPS	DDFT  	DDFTGC	54287.9	True	True	True	2,3	A:428,A:429	H:31,H:97	E:173,E:174	None,None	False	0,3	4	0.32	0.71677	0.07336768095814428	-1.45115982167114	6PV7_FG_DE	7LM8_MN_A
6PV7	7EAN	DDFTPS	DDFT  	DDFTGC	55455.0	True	True	True	2	A:428	L:53	E:173	None	False	0,3	4	0.29	0.7570399999999999	0.06778609066815622	-1.4924844859298487	6PV7_FG_DE	7EAN_HL_A
6PV7	6YM0	DDFTPS	DDFT  	DDFTGC	54287.9	True	True	True	2,3	E:428,E:429	L:31,L:31	E:173,E:174	None,None	False	0,3	4	0.4	0.6213	0.08997070898592208	-1.340935429301883	6PV7_FG_DE	6YM0_HL_E
6QPG	7V26	VGGN	VGGN	VGGN	185773.0	True	True	True	2,3	E:446,E:447	f:95,e:60	E:274,E:275	None,None	False	0,3	4	0.39	0.68165	0.08775412064731603	-1.3547154255444276	6QPG_N_DE	7V26_ef_E
7DNH	7N0R	NNAA	NNAA	NNAA	7235.68	True	True	True	2	B:154	D:100	A:179	None	False	0,3	4	0.3	0.7437699999999999	0.06960889372312762	-1.4787101909331306	7DNH_HL_EA	7N0R_D_B
6VTT	7JVA	GPGQT	 PGQT	APGQT	58721.9	True	True	True	4	A:414	L:69	G:315	None	False	1,4	4	0.39	0.65655	0.08775412064731603	-1.3547154255444276	6VTT_HL_GFE	7JVA_HL_A
6VTT	7CAI	GPGQT	 PGQT	APGQT	61853.1	True	True	True	4	B:414	G:101	F:315	None	False	1,4	4	0.18	0.89143	0.05009214044677612	-1.6439608916676596	6VTT_HL_GFE	7CAI_GF_BC
6VTT	7CAI	GPGQT	 PGQT	APGQT	57280.4	True	True	True	4	B:414	G:101	G:315	None	False	1,4	4	0.17	0.89244	0.048686228330518055	-1.6577276183608467	6VTT_HL_GFE	7CAI_GF_BC
6VTT	7LD1	GPGQT	 PGQT	APGQT	63183.3	True	True	True	4	C:414	N:27	F:315	None	False	1,4	4	0.44	0.6069	0.09925467195461013	-1.2858101016193482	6VTT_HL_GFE	7LD1_MN_C
6VTT	7E5S	GPGQT	 PGQT	APGQT	60413.4	True	True	True	4	C:414	E:101	G:315	None	False	1,4	4	0.15	0.91922	0.04596929970714392	-1.685259066996862	6VTT_HL_GFE	7E5S_VS_C
6VTT	7DD8	GPGQT	 PGQT	APGQT	64545.4	True	True	True	4	C:414	A:61	F:315	None	False	1,4	4	0.36	0.69092	0.08134940025183568	-1.3960521203446195	6VTT_HL_GFE	7DD8_AB_CD
6VTT	7E5S	GPGQT	 PGQT	APGQT	65235.9	True	True	True	4	C:414	E:101	F:315	None	False	1,4	4	0.16	0.91292	0.047312103135685124	-1.6714936786340868	6VTT_HL_GFE	7E5S_VS_C
6VTT	7B17	GPGQT	 PGQT	APGQT	61980.7	True	True	True	4	A:414	B:97	E:315	None	False	1,4	4	0.43	0.59433	0.09687038312413254	-1.2995922239055513	6VTT_HL_GFE	7B17_B_A
6VTT	7CAI	GPGQT	 PGQT	APGQT	57769.6	True	True	True	4	B:414	G:101	E:315	None	False	1,4	4	0.26	0.7862600000000001	0.06253897054275759	-1.533803746302101	6VTT_HL_GFE	7CAI_GF_BC
6VTT	7DCX	GPGQT	 PGQT	APGQT	60413.4	True	True	True	4	K:414	H:94	G:315	None	False	1,4	4	0.17	0.90113	0.048686228330518055	-1.6577276183608467	6VTT_HL_GFE	7DCX_EH_K
6VTT	7M42	GPGQT	 PGQT	APGQT	61282.4	True	True	True	4	E:414	D:112	G:315	None	False	1,4	4	0.38	0.63868	0.0855786123248985	-1.3684948764771419	6VTT_HL_GFE	7M42_BA_E
6VTT	7DD8	GPGQT	 PGQT	APGQT	60413.4	True	True	True	4	C:414	A:61	G:315	None	False	1,4	4	0.35	0.70136	0.0792949574426931	-1.4098299022479306	6VTT_HL_GFE	7DD8_AB_CD
6VTT	7P7A	GPGQT	 PGQT	APGQT	65931.8	True	True	True	4	E:414	D:110	F:315	None	False	1,4	4	0.06	0.98804	0.03521645923895533	-1.8091164210307902	6VTT_HL_GFE	7P7A_D_E
6VTT	7JWB	GPGQT	 PGQT	APGQT	59012.1	True	True	True	4	B:414	D:117	E:315	None	False	1,4	4	0.27	0.7972	0.06425155848976383	-1.5200312691195583	6VTT_HL_GFE	7JWB_D_AB
6VTT	7DD8	GPGQT	 PGQT	APGQT	60284.3	True	True	True	4	C:414	A:61	E:315	None	False	1,4	4	0.27	0.78497	0.06425155848976383	-1.5200312691195583	6VTT_HL_GFE	7DD8_AB_CD
6VTT	7E5S	GPGQT	 PGQT	APGQT	60929.3	True	True	True	4	C:414	E:101	E:315	None	False	1,4	4	0.19	0.88159	0.0515303032073563	-1.6301935040463797	6VTT_HL_GFE	7E5S_VS_C
6VTT	6ZER	GPGQT	 PGQT	APGQT	62645.2	True	True	True	4	E:414	L:27	E:315	None	False	1,4	4	0.33	0.70853	0.07530449057243149	-1.4373837584235154	6VTT_HL_GFE	6ZER_BC_A
6VTT	7DCX	GPGQT	 PGQT	APGQT	60284.3	True	True	True	4	K:414	H:94	E:315	None	False	1,4	4	0.13	0.93788	0.04337579213707088	-1.7127878060356923	6VTT_HL_GFE	7DCX_EH_K
6VTT	7M42	GPGQT	 PGQT	APGQT	61807.3	True	True	True	4	E:414	D:112	E:315	None	False	1,4	4	0.36	0.6622600000000001	0.08134940025183568	-1.3960521203446195	6VTT_HL_GFE	7M42_BA_E
6VTT	7M6I	GPGQT	 PGQT	APGQT	61852.7	True	True	True	4	B:414	L:54	F:315	None	False	1,4	4	0.28	0.78167	0.06600045455556902	-1.506258180493936	6VTT_HL_GFE	7M6I_HL_CB
6VTT	7NXA	GPGQT	 PGQT	APGQT	59211.7	True	True	True	4	E:414	L:27	E:315	None	False	1,4	4	0.44	0.58912	0.09925467195461013	-1.2858101016193482	6VTT_HL_GFE	7NXA_AB_E
6VTT	7M6I	GPGQT	 PGQT	APGQT	57892.9	True	True	True	4	B:414	L:54	G:315	None	False	1,4	4	0.27	0.79242	0.06425155848976383	-1.5200312691195583	6VTT_HL_GFE	7M6I_HL_CB
6VTT	7DCX	GPGQT	 PGQT	APGQT	64545.4	True	True	True	4	K:414	H:94	F:315	None	False	1,4	4	0.19	0.8828299999999999	0.0515303032073563	-1.6301935040463797	6VTT_HL_GFE	7DCX_EH_K
6VTT	6ZER	GPGQT	 PGQT	APGQT	61456.4	True	True	True	4	E:414	L:27	G:315	None	False	1,4	4	0.34	0.69817	0.07728011727589779	-1.4236071167785291	6VTT_HL_GFE	6ZER_BC_A
6QPG	7V26	VGGN	VGGN	VGGN	189768.0	True	True	True	2,3	E:446,E:447	f:95,e:60	H:274,H:275	None,None	False	0,3	4	0.42	0.65603	0.09452850689261538	-1.3133738229623362	6QPG_O_GH	7V26_ef_E
6SSP	7LQV	TPGDKP	TPGD  	TPGDSS	47528.4	True	True	True	3	C:252	Y:101	H:52	None	False	0,3	4	0.42	0.59322	0.09452850689261538	-1.3133738229623362	6SSP_L_HGFIJ	7LQV_YZ_C
6SSP	7L2D	TPGDKP	TPGD  	TPGDSS	47026.8	True	True	True	3	A:252	H:101	H:52	None	False	0,3	4	0.23	0.8254600000000001	0.05761466796543491	-1.575117454163564	6SSP_L_HGFIJ	7L2D_HL_A
6SSP	7L2D	TPGDKP	TPGD  	TPGDSS	48553.6	True	True	True	3	A:252	H:101	J:52	None	False	0,3	4	0.3	0.73165	0.06960889372312762	-1.4787101909331306	6SSP_L_HGFIJ	7L2D_HL_A
6SSP	7L2D	TPGDKP	TPGD  	TPGDSS	48553.6	True	True	True	3	A:252	H:101	G:52	None	False	0,3	4	0.26	0.79109	0.06253897054275759	-1.533803746302101	6SSP_L_HGFIJ	7L2D_HL_A
6SSP	7L2D	TPGDKP	TPGD  	TPGDSS	49470.4	True	True	True	3	A:252	H:101	F:52	None	False	0,3	4	0.3	0.73438	0.06960889372312762	-1.4787101909331306	6SSP_L_HGFIJ	7L2D_HL_A
6SSP	7L2D	TPGDKP	TPGD  	TPGDSS	47881.2	True	True	True	3	A:252	H:101	I:52	None	False	0,3	4	0.32	0.71492	0.07336768095814428	-1.45115982167114	6SSP_L_HGFIJ	7L2D_HL_A
6SSP	7LQV	TPGDKP	TPGD  	TPGDSS	49071.5	True	True	True	3	C:252	Y:101	G:52	None	False	0,3	4	0.44	0.57281	0.09925467195461013	-1.2858101016193482	6SSP_L_HGFIJ	7LQV_YZ_C
6GFF	7DCC	LYNS	LYNS	LYNS	1208.75	True	True	True	2	K:369	F:30	C:81	None	False	0,3	4	0.17	0.8999299999999999	0.048686228330518055	-1.6577276183608467	6GFF_LK_ICD	7DCC_AF_K
6GFF	7E5S	LYNS	LYNS	LYNS	1208.75	True	True	True	2	C:369	E:63	C:81	None	False	0,3	4	0.05	0.99168	0.034161178576767814	-1.822874788612125	6GFF_LK_ICD	7E5S_VS_C
6GFF	7JVC	LYNS	LYNS	LYNS	1195.85	True	True	True	2	E:369	F:101	C:81	None	False	0,3	4	0.16	0.91301	0.047312103135685124	-1.6714936786340868	6GFF_LK_ICD	7JVC_FG_E
6GFF	7MDW	LYNSTR	LYNS  	LYNSAS	61323.0	True	True	True	2	R:369	B:106	C:81	None	False	0,3	4	0.32	0.71029	0.07336768095814428	-1.45115982167114	6GFF_LK_ICD	7MDW_A_R
6GFF	7N4M	LYNSTR	LYNS  	LYNSAS	60073.4	True	True	True	2	A:369	H:102	C:81	None	False	0,3	4	0.25	0.81242	0.06086225410386603	-1.547575606538175	6GFF_LK_ICD	7N4M_HL_A
6GFF	7KQE	LYNS	LYNS	LYNS	1208.74	True	True	True	2	C:369	J:100	C:81	None	False	0,3	4	0.29	0.7448	0.06778609066815622	-1.4924844859298487	6GFF_LK_ICD	7KQE_JM_C
6GFF	6ZDH	LYNS	LYNS	LYNS	1183.19	True	True	True	2	C:369	G:57	C:81	None	False	0,3	4	0.41	0.60682	0.09222872499141399	-1.3271548932679953	6GFF_LK_ICD	6ZDH_GI_C
6GFF	7N9E	LYNS	LYNS	LYNS	1221.61	True	True	True	2	A:369	D:47	C:81	None	False	0,3	4	0.15	0.91442	0.04596929970714392	-1.685259066996862	6GFF_LK_ICD	7N9E_D_AB
6GFF	7B18	LYNS	LYNS	LYNS	1208.74	True	True	True	2	C:369	I:58	C:81	None	False	0,3	4	0.17	0.90218	0.048686228330518055	-1.6577276183608467	6GFF_LK_ICD	7B18_H_C
6GFF	7NTC	FSSTEK	F STEK	FASTEK	82.5132	True	True	True	5	C:96	L:51	D:290	None	False	2,5	4	0.32	0.73368	0.07336768095814428	-1.45115982167114	6GFF_LK_ICD	7NTC_HL_C
6GFF	7LD1	LYNS	LYNS	LYNS	1183.19	True	True	True	2	C:369	M:100	C:81	None	False	0,3	4	0.28	0.79937	0.06600045455556902	-1.506258180493936	6GFF_LK_ICD	7LD1_MN_C
6GFF	7RA8	LYNS	LYNS	LYNS	1247.92	True	True	True	2	E:369	F:54	C:81	None	False	0,3	4	0.12	0.94646	0.04212415315785922	-1.7265511457374891	6GFF_LK_ICD	7RA8_FG_E
6GFF	7P7A	LYNS	LYNS	LYNS	1208.69	True	True	True	2	E:369	D:55	C:81	None	False	0,3	4	0.19	0.871	0.0515303032073563	-1.6301935040463797	6GFF_LK_ICD	7P7A_D_E
6GFF	7DD8	LYNS	LYNS	LYNS	1208.75	True	True	True	2	C:369	B:30	C:81	None	False	0,3	4	0.28	0.76631	0.06600045455556902	-1.506258180493936	6GFF_LK_ICD	7DD8_AB_CD
6GFF	7NXA	LYNSTR	LYNS  	LYNSAS	61975.3	True	True	True	2	E:369	H:59	C:81	None	False	0,3	4	0.24	0.82799	0.0592209682255862	-1.5613468443256302	6GFF_LK_ICD	7NXA_AB_E
6GFF	7DD2	LYNS	LYNS	LYNS	1208.75	True	True	True	2	K:369	H:28	C:81	None	False	0,3	4	0.41	0.60627	0.09222872499141399	-1.3271548932679953	6GFF_LK_ICD	7DD2_EH_KD
6GFF	7DCX	LYNS	LYNS	LYNS	1208.75	True	True	True	2	K:369	H:52	C:81	None	False	0,3	4	0.12	0.94732	0.04212415315785922	-1.7265511457374891	6GFF_LK_ICD	7DCX_EH_K
6BT3	7RW2	KHTP	KHTP	KHTP	63983.9	True	True	True	2	C:207	I:100	K:431	None	False	0,3	4	0.21	0.8501799999999999	0.05450522657551715	-1.6026567679935726	6BT3_HG_KJ	7RW2_IK_C
